,Date,Peak_Eccentric_Force,Peak_Concentric_Force,Jump_Height,Leg,Player
1,12/17/23,1566.099167,2073.849826,8.110429197,Left,Jeremy Onion
2,12/18/23,1455.454844,2112.158204,6.232269871,Left,Jeremy Onion
3,1/22/24,1609.136074,2089.475731,8.523894348,Left,Jeremy Onion
4,10/14/23,1662.662397,1959.66904,6.901726962,Left,Jeremy Onion
5,12/1/23,1496.100033,1839.7782,7.707496107,Left,Jeremy Onion
6,6/7/24,1557.644006,2085.26499,7.50560592,Left,Jeremy Onion
7,4/24/24,1573.04764,2250.213502,6.233160075,Left,Jeremy Onion
8,6/8/24,1554.658069,1900.359924,7.670870422,Left,Jeremy Onion
9,4/8/24,1410.269402,1990.688536,7.850205349,Left,Jeremy Onion
10,5/29/24,1609.38266,1901.354715,7.42559757,Left,Jeremy Onion
11,3/30/24,1345.682452,2033.172809,4.71847686,Left,Jeremy Onion
12,5/16/24,1537.956206,2145.688018,9.060850828,Left,Jeremy Onion
13,3/11/24,1436.721358,2014.882643,8.333374901,Left,Jeremy Onion
14,2/15/24,1538.63038,2089.251395,6.579960436,Left,Jeremy Onion
15,2/19/24,1494.955989,2109.161908,7.750691745,Left,Jeremy Onion
16,1/29/24,1586.731173,2077.3264,7.42659233,Left,Jeremy Onion
17,12/14/23,1342.423795,2065.76773,8.067351615,Left,Jeremy Onion
18,12/2/23,1448.507206,1962.269701,5.728026101,Left,Jeremy Onion
19,5/15/24,1535.525738,2054.876356,7.018469126,Left,Jeremy Onion
20,3/3/24,1452.364515,2057.575817,6.735926009,Left,Jeremy Onion
21,10/5/23,1670.405164,2084.98811,4.342309481,Left,Jeremy Onion
22,10/22/23,1566.037986,1965.811849,5.76121966,Left,Jeremy Onion
23,2/21/24,1604.736485,2034.952177,6.882696986,Left,Jeremy Onion
24,12/10/23,1529.768629,2221.602501,5.593236881,Left,Jeremy Onion
25,4/25/24,1518.826239,1997.122037,7.449841895,Left,Jeremy Onion
26,3/29/24,1387.080383,2052.045958,5.458904949,Left,Jeremy Onion
27,4/4/24,1686.28377,1884.203856,6.748737191,Left,Jeremy Onion
28,11/8/23,1473.700686,2083.757564,7.125319909,Left,Jeremy Onion
29,5/17/24,1481.025683,2158.770496,6.828841877,Left,Jeremy Onion
30,11/10/23,1620.808171,2324.217383,5.499290617,Left,Jeremy Onion
31,1/3/24,1435.094102,2046.139385,7.460109002,Left,Jeremy Onion
32,1/30/24,1497.328672,1778.82724,7.404192687,Left,Jeremy Onion
33,10/31/23,1595.39811,1950.796871,6.45999156,Left,Jeremy Onion
34,10/10/23,1273.00305,2142.685922,7.834505721,Left,Jeremy Onion
35,5/14/24,1537.603481,2246.300017,7.128043922,Left,Jeremy Onion
36,11/27/23,1445.749774,2014.825595,7.595620255,Left,Jeremy Onion
37,10/30/23,1474.852061,2049.517077,5.889514282,Left,Jeremy Onion
38,11/28/23,1617.81708,1974.582991,6.42340822,Left,Jeremy Onion
39,3/12/24,1390.203753,2086.875476,6.597890872,Left,Jeremy Onion
40,5/11/24,1549.80076,2126.976309,7.281751594,Left,Jeremy Onion
41,4/5/24,1297.71468,2080.228503,8.277559176,Left,Jeremy Onion
42,11/18/23,1604.859866,2225.29931,8.365710537,Left,Jeremy Onion
43,2/24/24,1389.858689,2236.836097,8.017392942,Left,Jeremy Onion
44,4/15/24,1449.810648,1976.385016,8.956876866,Left,Jeremy Onion
45,5/25/24,1532.498919,2061.976908,7.459086309,Left,Jeremy Onion
46,11/13/23,1437.017795,1895.158215,8.478765661,Left,Jeremy Onion
47,5/4/24,1502.431813,2091.664577,8.30286209,Left,Jeremy Onion
48,10/19/23,1592.541957,2154.754282,7.436750915,Left,Jeremy Onion
49,4/26/24,1430.062113,1984.810398,5.61418288,Left,Jeremy Onion
50,2/3/24,1357.237367,2024.308328,6.71339645,Left,Jeremy Onion
51,3/5/24,1491.797181,2065.196578,7.560873197,Left,Jeremy Onion
52,4/11/24,1284.399862,2062.013561,8.095242804,Left,Jeremy Onion
53,6/12/24,1376.985804,2032.984486,6.97662421,Left,Jeremy Onion
54,5/10/24,1447.62234,2011.57633,8.257001886,Left,Jeremy Onion
55,12/5/23,1538.890416,1869.584197,9.343223501,Left,Jeremy Onion
56,2/18/24,1579.156484,2197.660365,5.902259661,Left,Jeremy Onion
57,10/28/23,1556.120839,2093.94024,5.593248828,Left,Jeremy Onion
58,6/18/24,1651.376454,2085.432831,8.054817254,Left,Jeremy Onion
59,3/19/24,1569.632325,2215.53123,8.273185033,Left,Jeremy Onion
60,3/2/24,1517.180568,1975.300167,6.746973957,Left,Jeremy Onion
61,5/27/24,1479.923098,2045.990062,6.656079839,Left,Jeremy Onion
62,3/25/24,1562.990878,2114.88027,6.408153282,Left,Jeremy Onion
63,2/11/24,1202.4955,1879.518974,4.833018894,Left,Jeremy Onion
64,1/1/24,1400.812114,2052.696166,6.296688979,Left,Jeremy Onion
65,5/19/24,1561.392308,2253.047123,8.172732677,Left,Jeremy Onion
66,3/15/24,1600.813244,2055.672349,4.717696648,Left,Jeremy Onion
67,2/23/24,1493.597432,2080.722717,8.500279249,Left,Jeremy Onion
68,3/21/24,1270.762505,2145.238974,5.135160754,Left,Jeremy Onion
69,5/7/24,1382.763085,2005.143569,6.04543213,Left,Jeremy Onion
70,10/29/23,1594.535142,2072.984605,9.244765634,Left,Jeremy Onion
71,3/23/24,1681.710999,1966.12766,7.118579822,Left,Jeremy Onion
72,2/1/24,1522.84305,2009.637142,5.279107212,Left,Jeremy Onion
73,1/15/24,1463.027528,2080.913612,7.248406577,Left,Jeremy Onion
74,6/17/24,1602.118927,2180.439293,8.660759193,Left,Jeremy Onion
75,6/20/24,1507.256769,1923.003793,8.685817597,Left,Jeremy Onion
76,4/10/24,1595.120559,1835.741965,6.044715358,Left,Jeremy Onion
77,12/21/23,1458.88666,2212.087579,5.797616357,Left,Jeremy Onion
78,11/29/23,1608.495773,1997.082387,8.063835704,Left,Jeremy Onion
79,10/9/23,1488.920606,2043.541068,5.213839742,Left,Jeremy Onion
80,1/11/24,1479.668923,2073.933513,7.133103108,Left,Jeremy Onion
81,4/28/24,1425.424086,2001.440708,7.683567825,Left,Jeremy Onion
82,1/9/24,1464.233015,1937.627118,4.579317774,Left,Jeremy Onion
83,5/18/24,1557.184988,2146.69849,7.01289509,Left,Jeremy Onion
84,1/31/24,1507.854308,1927.420806,6.647558899,Left,Jeremy Onion
85,12/8/23,1410.629194,2185.187128,7.216176197,Left,Jeremy Onion
86,6/2/24,1543.745151,2070.289143,7.999031958,Left,Jeremy Onion
87,2/10/24,1436.799106,2060.612724,7.024681661,Left,Jeremy Onion
88,10/21/23,1526.37864,2070.336518,6.598059692,Left,Jeremy Onion
89,12/20/23,1409.616016,2143.94373,5.598270338,Left,Jeremy Onion
90,6/4/24,1475.288253,2018.112257,6.659873068,Left,Jeremy Onion
91,3/28/24,1385.003376,1972.698364,4.460879823,Left,Jeremy Onion
92,12/29/23,1393.132231,1973.562426,6.721220185,Left,Jeremy Onion
93,1/12/24,1527.486532,1846.456572,7.816695051,Left,Jeremy Onion
94,10/17/23,1536.54775,1799.005641,7.695519222,Left,Jeremy Onion
95,11/17/23,1561.282255,1905.083622,8.125388055,Left,Jeremy Onion
96,3/27/24,1440.435357,2078.836355,6.832621416,Left,Jeremy Onion
97,6/1/24,1408.786704,2047.190502,8.297216149,Left,Jeremy Onion
98,10/12/23,1357.090502,2040.337572,7.558467923,Left,Jeremy Onion
99,1/21/24,1644.653122,2211.816892,4.323425183,Left,Jeremy Onion
100,11/4/23,1421.524884,2090.135645,6.088063023,Left,Jeremy Onion
101,12/17/23,1213.843636,2010.324524,6.544253828,Right,Jeremy Onion
102,12/18/23,1610.096579,1858.254367,8.372190277,Right,Jeremy Onion
103,1/22/24,1441.857269,2183.448651,6.445717874,Right,Jeremy Onion
104,10/14/23,1535.34851,2012.173629,8.559859045,Right,Jeremy Onion
105,12/1/23,1399.432526,2069.325253,2.865913421,Right,Jeremy Onion
106,6/7/24,1325.291489,1659.041893,6.387787772,Right,Jeremy Onion
107,4/24/24,1543.021997,2099.4641,5.945220104,Right,Jeremy Onion
108,6/8/24,1201.423514,2054.50122,5.74871835,Right,Jeremy Onion
109,4/8/24,1493.252083,1957.204963,5.420178764,Right,Jeremy Onion
110,5/29/24,1617.071062,2014.730187,4.77290041,Right,Jeremy Onion
111,3/30/24,1255.050352,2257.763295,6.854866065,Right,Jeremy Onion
112,5/16/24,1485.375809,1886.139071,6.914742483,Right,Jeremy Onion
113,3/11/24,1377.112824,1894.549219,4.669905699,Right,Jeremy Onion
114,2/15/24,1708.793429,1810.873051,7.59138037,Right,Jeremy Onion
115,2/19/24,1273.080774,1854.115516,5.487476759,Right,Jeremy Onion
116,1/29/24,1478.559218,1883.070444,5.671153305,Right,Jeremy Onion
117,12/14/23,1318.802484,1963.293295,4.916577498,Right,Jeremy Onion
118,12/2/23,1362.303038,2037.939091,4.777291153,Right,Jeremy Onion
119,5/15/24,1708.411456,1996.008251,3.843673584,Right,Jeremy Onion
120,3/3/24,1464.203901,1956.023202,8.308049621,Right,Jeremy Onion
121,10/5/23,1383.879947,2000.613266,5.209158861,Right,Jeremy Onion
122,10/22/23,1451.310393,2001.551716,5.427517927,Right,Jeremy Onion
123,2/21/24,1503.316687,2048.342749,7.56312141,Right,Jeremy Onion
124,12/10/23,1750.060018,2052.482393,7.610014971,Right,Jeremy Onion
125,4/25/24,1504.075029,1837.259916,7.153940044,Right,Jeremy Onion
126,3/29/24,1465.972854,2204.326608,9.793331765,Right,Jeremy Onion
127,4/4/24,1494.713162,1831.017601,7.816372745,Right,Jeremy Onion
128,11/8/23,1772.492583,1961.902542,5.734359586,Right,Jeremy Onion
129,5/17/24,1494.029797,1829.129033,6.403170502,Right,Jeremy Onion
130,11/10/23,1457.913374,1671.653222,6.723800207,Right,Jeremy Onion
131,1/3/24,1498.979158,2064.433157,5.723357822,Right,Jeremy Onion
132,1/30/24,1338.246479,1981.051542,7.59254903,Right,Jeremy Onion
133,10/31/23,1264.122796,2092.449752,5.306044272,Right,Jeremy Onion
134,10/10/23,1455.552637,1944.365025,6.369028386,Right,Jeremy Onion
135,5/14/24,1424.731191,2024.855129,5.466949851,Right,Jeremy Onion
136,11/27/23,1399.692503,2103.192909,7.821600023,Right,Jeremy Onion
137,10/30/23,1351.595111,2052.717505,6.703756768,Right,Jeremy Onion
138,11/28/23,1412.874355,1998.378889,5.750347206,Right,Jeremy Onion
139,3/12/24,1548.049772,2035.10058,6.945948373,Right,Jeremy Onion
140,5/11/24,1137.504903,2026.060315,7.988596544,Right,Jeremy Onion
141,4/5/24,1394.306052,2048.57071,5.681853863,Right,Jeremy Onion
142,11/18/23,1287.568595,2159.667067,3.770769366,Right,Jeremy Onion
143,2/24/24,1289.817014,1987.23077,3.110773666,Right,Jeremy Onion
144,4/15/24,1607.868047,1826.47963,5.402095921,Right,Jeremy Onion
145,5/25/24,1593.937245,2027.650183,3.037413763,Right,Jeremy Onion
146,11/13/23,1526.302752,2110.81243,4.766353362,Right,Jeremy Onion
147,5/4/24,1631.111212,2066.169552,5.681835635,Right,Jeremy Onion
148,10/19/23,1543.736143,2192.445528,6.585340685,Right,Jeremy Onion
149,4/26/24,1301.881803,1924.449257,6.582257644,Right,Jeremy Onion
150,2/3/24,1293.403616,1962.379514,5.637007404,Right,Jeremy Onion
151,3/5/24,1536.003844,2247.143362,3.777461718,Right,Jeremy Onion
152,4/11/24,1550.648183,1883.06413,6.265765361,Right,Jeremy Onion
153,6/12/24,1357.951089,1927.628703,7.528053344,Right,Jeremy Onion
154,5/10/24,1520.961994,1915.378681,8.792588474,Right,Jeremy Onion
155,12/5/23,1402.457562,2038.825951,6.463014694,Right,Jeremy Onion
156,2/18/24,1445.666538,2048.779106,4.39687815,Right,Jeremy Onion
157,10/28/23,1516.226317,1982.10313,4.700547004,Right,Jeremy Onion
158,6/18/24,1648.580123,2237.228083,6.762439943,Right,Jeremy Onion
159,3/19/24,1642.621033,2019.583197,7.706564608,Right,Jeremy Onion
160,3/2/24,1236.815397,1971.369942,6.480124218,Right,Jeremy Onion
161,5/27/24,1504.497128,2061.360934,6.282951521,Right,Jeremy Onion
162,3/25/24,1440.072808,1857.587372,7.207316622,Right,Jeremy Onion
163,2/11/24,1375.223273,1796.354315,2.567188485,Right,Jeremy Onion
164,1/1/24,1392.713545,1866.079984,6.756390166,Right,Jeremy Onion
165,5/19/24,1265.16837,2190.907661,4.807022391,Right,Jeremy Onion
166,3/15/24,1657.669903,2119.024269,7.423608037,Right,Jeremy Onion
167,2/23/24,1693.100191,2021.086147,4.99255245,Right,Jeremy Onion
168,3/21/24,1394.713226,2065.321398,6.449467327,Right,Jeremy Onion
169,5/7/24,1176.824863,1932.453065,5.028262729,Right,Jeremy Onion
170,10/29/23,1467.240785,1795.653994,4.777650472,Right,Jeremy Onion
171,3/23/24,1570.910081,2221.835686,6.01639664,Right,Jeremy Onion
172,2/1/24,1562.066946,2013.496884,7.309155817,Right,Jeremy Onion
173,1/15/24,1518.969447,2091.790781,4.151945924,Right,Jeremy Onion
174,6/17/24,1413.199238,1830.729548,4.580536074,Right,Jeremy Onion
175,6/20/24,1452.531681,1964.307392,4.025820469,Right,Jeremy Onion
176,4/10/24,1457.249084,1883.937626,6.01598558,Right,Jeremy Onion
177,12/21/23,1680.891539,2010.65352,5.034744074,Right,Jeremy Onion
178,11/29/23,1316.783734,2085.38696,6.652940862,Right,Jeremy Onion
179,10/9/23,1516.203139,1950.619552,6.484952821,Right,Jeremy Onion
180,1/11/24,1308.461536,2029.920188,5.978300834,Right,Jeremy Onion
181,4/28/24,1607.998276,2230.996195,5.829539799,Right,Jeremy Onion
182,1/9/24,1627.624223,2055.674429,6.382253839,Right,Jeremy Onion
183,5/18/24,1666.743969,1968.100316,6.913282474,Right,Jeremy Onion
184,1/31/24,1406.639824,2032.055761,5.077059021,Right,Jeremy Onion
185,12/8/23,1508.802965,2023.474036,3.966899237,Right,Jeremy Onion
186,6/2/24,1547.724339,2047.918657,8.048805103,Right,Jeremy Onion
187,2/10/24,1562.833967,2162.175111,5.048717705,Right,Jeremy Onion
188,10/21/23,1518.148939,2034.338062,7.231440927,Right,Jeremy Onion
189,12/20/23,1421.375036,1994.029002,6.522740014,Right,Jeremy Onion
190,6/4/24,1181.399635,1736.240734,4.048502767,Right,Jeremy Onion
191,3/28/24,1475.167516,1844.425655,6.080785128,Right,Jeremy Onion
192,12/29/23,1284.24528,1947.933938,3.641107072,Right,Jeremy Onion
193,1/12/24,1153.845212,2167.220296,4.11729543,Right,Jeremy Onion
194,10/17/23,1619.676752,1944.889616,4.570652788,Right,Jeremy Onion
195,11/17/23,1562.26639,1932.264834,5.256832101,Right,Jeremy Onion
196,3/27/24,1336.197025,2069.657019,6.247832942,Right,Jeremy Onion
197,6/1/24,1670.145831,2074.304102,7.446225553,Right,Jeremy Onion
198,10/12/23,1383.044691,2051.944874,7.25095628,Right,Jeremy Onion
199,1/21/24,1422.951618,1874.507304,7.230869568,Right,Jeremy Onion
200,11/4/23,1685.943412,2032.083091,7.922458424,Right,Jeremy Onion
201,12/17/23,1685.632214,2010.757995,6.155021827,Left,Charlie Broccoli
202,12/18/23,1666.14048,1995.677136,6.826418814,Left,Charlie Broccoli
203,1/22/24,1367.001091,2226.803024,7.501401875,Left,Charlie Broccoli
204,10/14/23,1441.465614,1972.465944,8.563689217,Left,Charlie Broccoli
205,12/1/23,1513.512295,2050.690265,5.365300376,Left,Charlie Broccoli
206,6/7/24,1515.571864,2021.331233,6.406738868,Left,Charlie Broccoli
207,4/24/24,1542.055586,2128.193987,3.808932059,Left,Charlie Broccoli
208,6/8/24,1383.917391,2041.19006,5.20404924,Left,Charlie Broccoli
209,4/8/24,1310.796682,1965.996221,4.185661251,Left,Charlie Broccoli
210,5/29/24,1454.723093,1913.654797,7.549553524,Left,Charlie Broccoli
211,3/30/24,1425.289295,1849.589129,6.167207143,Left,Charlie Broccoli
212,5/16/24,1472.989836,2042.98615,5.395808267,Left,Charlie Broccoli
213,3/11/24,1336.142982,1910.828439,7.286403561,Left,Charlie Broccoli
214,2/15/24,1424.274887,2075.184938,6.370220348,Left,Charlie Broccoli
215,2/19/24,1427.599489,2100.54815,6.711225026,Left,Charlie Broccoli
216,1/29/24,1487.467802,2027.395349,7.942066196,Left,Charlie Broccoli
217,12/14/23,1614.513585,2089.688385,6.469276078,Left,Charlie Broccoli
218,12/2/23,1493.695946,2098.703574,3.926792181,Left,Charlie Broccoli
219,5/15/24,1527.421711,2100.961567,5.017821291,Left,Charlie Broccoli
220,3/3/24,1585.689424,2017.976548,6.33920195,Left,Charlie Broccoli
221,10/5/23,1609.13426,2218.349894,6.580057001,Left,Charlie Broccoli
222,10/22/23,1465.54597,1936.76747,7.462765412,Left,Charlie Broccoli
223,2/21/24,1498.928452,2084.120573,7.166218748,Left,Charlie Broccoli
224,12/10/23,1611.265102,2024.207343,5.639618088,Left,Charlie Broccoli
225,4/25/24,1530.576654,2019.165435,8.209210385,Left,Charlie Broccoli
226,3/29/24,1543.451284,2036.450689,4.526681813,Left,Charlie Broccoli
227,4/4/24,1562.383043,2096.386418,8.71703774,Left,Charlie Broccoli
228,11/8/23,1658.095931,2096.49286,6.181319434,Left,Charlie Broccoli
229,5/17/24,1527.463834,2087.40001,7.994413989,Left,Charlie Broccoli
230,11/10/23,1544.559892,1880.875934,8.537700171,Left,Charlie Broccoli
231,1/3/24,1360.449129,2043.520525,6.183974811,Left,Charlie Broccoli
232,1/30/24,1519.98859,1946.049221,6.635364916,Left,Charlie Broccoli
233,10/31/23,1511.912009,1983.957776,7.88555868,Left,Charlie Broccoli
234,10/10/23,1467.98211,1918.885543,7.648552386,Left,Charlie Broccoli
235,5/14/24,1471.411291,2058.44195,7.123835756,Left,Charlie Broccoli
236,11/27/23,1388.138501,1957.643851,5.660375293,Left,Charlie Broccoli
237,10/30/23,1437.391408,1898.381733,5.948418189,Left,Charlie Broccoli
238,11/28/23,1431.60276,2165.153927,6.326064801,Left,Charlie Broccoli
239,3/12/24,1522.726999,2037.342102,6.547555068,Left,Charlie Broccoli
240,5/11/24,1469.651338,1912.222442,7.702623413,Left,Charlie Broccoli
241,4/5/24,1644.441371,2134.270669,6.246769748,Left,Charlie Broccoli
242,11/18/23,1323.298934,1908.209766,6.619604255,Left,Charlie Broccoli
243,2/24/24,1536.973111,2131.010986,7.342908973,Left,Charlie Broccoli
244,4/15/24,1525.245902,1949.690091,4.292372349,Left,Charlie Broccoli
245,5/25/24,1574.803082,1897.294309,6.991495835,Left,Charlie Broccoli
246,11/13/23,1530.332613,2111.800826,7.80648666,Left,Charlie Broccoli
247,5/4/24,1399.194822,2179.053228,6.967415312,Left,Charlie Broccoli
248,10/19/23,1623.587316,2021.689649,8.564345081,Left,Charlie Broccoli
249,4/26/24,1494.375822,2128.442456,7.859285695,Left,Charlie Broccoli
250,2/3/24,1617.382957,2094.979604,6.439402055,Left,Charlie Broccoli
251,3/5/24,1389.763453,1971.001087,7.445585639,Left,Charlie Broccoli
252,4/11/24,1553.853197,2045.297807,6.640053871,Left,Charlie Broccoli
253,6/12/24,1525.530254,1918.962131,7.617653355,Left,Charlie Broccoli
254,5/10/24,1403.628819,2161.213124,7.069970563,Left,Charlie Broccoli
255,12/5/23,1374.621499,2004.317562,7.855596864,Left,Charlie Broccoli
256,2/18/24,1395.405516,1921.158391,8.10864582,Left,Charlie Broccoli
257,10/28/23,1650.82437,2051.69501,7.628273559,Left,Charlie Broccoli
258,6/18/24,1712.911112,1829.557515,6.173945309,Left,Charlie Broccoli
259,3/19/24,1485.044037,2019.353737,6.820164036,Left,Charlie Broccoli
260,3/2/24,1501.070093,2086.334081,10.02656605,Left,Charlie Broccoli
261,5/27/24,1508.793427,2187.882813,6.920887399,Left,Charlie Broccoli
262,3/25/24,1489.353004,2117.831963,6.758974531,Left,Charlie Broccoli
263,2/11/24,1376.801313,1823.05362,7.302015493,Left,Charlie Broccoli
264,1/1/24,1486.118111,2101.66882,7.793095973,Left,Charlie Broccoli
265,5/19/24,1514.691832,1737.014769,6.447431748,Left,Charlie Broccoli
266,3/15/24,1571.405218,2012.991148,4.276007275,Left,Charlie Broccoli
267,2/23/24,1520.231288,2105.907831,6.699543719,Left,Charlie Broccoli
268,3/21/24,1505.296116,2252.985712,6.096982485,Left,Charlie Broccoli
269,5/7/24,1418.160529,2044.048015,5.680867561,Left,Charlie Broccoli
270,10/29/23,1579.591741,2013.744712,6.294493127,Left,Charlie Broccoli
271,3/23/24,1505.465917,2025.735312,6.498799594,Left,Charlie Broccoli
272,2/1/24,1509.085827,2222.194227,5.608728658,Left,Charlie Broccoli
273,1/15/24,1402.472963,2113.941877,7.479188927,Left,Charlie Broccoli
274,6/17/24,1402.834402,2108.425713,6.823090034,Left,Charlie Broccoli
275,6/20/24,1569.540402,2085.752381,7.521638396,Left,Charlie Broccoli
276,4/10/24,1425.213035,1959.973611,6.416081467,Left,Charlie Broccoli
277,12/21/23,1509.695281,2133.114744,3.683329278,Left,Charlie Broccoli
278,11/29/23,1612.620947,2166.163354,6.384780843,Left,Charlie Broccoli
279,10/9/23,1447.375792,2123.754922,8.36963483,Left,Charlie Broccoli
280,1/11/24,1418.529306,2036.136067,5.360702942,Left,Charlie Broccoli
281,4/28/24,1474.90734,2023.265688,6.817889039,Left,Charlie Broccoli
282,1/9/24,1500.013436,2097.510702,8.181516712,Left,Charlie Broccoli
283,5/18/24,1300.50983,1999.435143,6.022394662,Left,Charlie Broccoli
284,1/31/24,1647.794511,1776.598947,5.645984429,Left,Charlie Broccoli
285,12/8/23,1318.393692,2019.797966,7.648601305,Left,Charlie Broccoli
286,6/2/24,1505.73257,2042.356565,7.057589284,Left,Charlie Broccoli
287,2/10/24,1582.557054,2156.89019,6.008374447,Left,Charlie Broccoli
288,10/21/23,1609.400417,2058.827452,6.747533555,Left,Charlie Broccoli
289,12/20/23,1528.378856,2137.235725,7.251772403,Left,Charlie Broccoli
290,6/4/24,1394.970162,2164.113206,6.132100061,Left,Charlie Broccoli
291,3/28/24,1592.477169,2135.520608,5.678404485,Left,Charlie Broccoli
292,12/29/23,1518.048315,2168.019682,6.413960996,Left,Charlie Broccoli
293,1/12/24,1331.912445,1889.377843,6.417444771,Left,Charlie Broccoli
294,10/17/23,1574.064299,2200.756688,7.826759113,Left,Charlie Broccoli
295,11/17/23,1441.357473,2139.079024,7.069538504,Left,Charlie Broccoli
296,3/27/24,1552.0116,2046.692956,4.946552777,Left,Charlie Broccoli
297,6/1/24,1394.182671,2138.025094,5.033838695,Left,Charlie Broccoli
298,10/12/23,1661.079329,1950.295379,6.622910454,Left,Charlie Broccoli
299,1/21/24,1657.515137,1958.230868,7.354039973,Left,Charlie Broccoli
300,11/4/23,1439.567614,2143.924596,6.674085349,Left,Charlie Broccoli
301,12/17/23,1436.081805,2074.278522,8.145541368,Right,Charlie Broccoli
302,12/18/23,1677.683351,2036.956743,4.551855323,Right,Charlie Broccoli
303,1/22/24,1465.235323,1948.353118,7.609975302,Right,Charlie Broccoli
304,10/14/23,1408.243873,2019.41138,4.139812831,Right,Charlie Broccoli
305,12/1/23,1474.755304,2005.115233,8.446479574,Right,Charlie Broccoli
306,6/7/24,1558.278426,1879.775753,4.700505248,Right,Charlie Broccoli
307,4/24/24,1425.177964,2018.932565,6.199531759,Right,Charlie Broccoli
308,6/8/24,1523.236583,2139.340091,4.029499846,Right,Charlie Broccoli
309,4/8/24,1496.683261,1950.320159,7.850377029,Right,Charlie Broccoli
310,5/29/24,1455.274842,2025.493181,7.605998569,Right,Charlie Broccoli
311,3/30/24,1463.218758,1835.897501,7.378263885,Right,Charlie Broccoli
312,5/16/24,1657.19891,2103.754993,5.01529635,Right,Charlie Broccoli
313,3/11/24,1417.145175,2054.449397,8.133252864,Right,Charlie Broccoli
314,2/15/24,1613.121677,2001.064791,4.509506538,Right,Charlie Broccoli
315,2/19/24,1328.575645,2028.761762,7.309547724,Right,Charlie Broccoli
316,1/29/24,1364.744073,1944.188575,5.871707803,Right,Charlie Broccoli
317,12/14/23,1529.868005,1887.415897,7.406644728,Right,Charlie Broccoli
318,12/2/23,1394.114051,2007.702514,6.023558628,Right,Charlie Broccoli
319,5/15/24,1281.91051,2092.511567,7.401204331,Right,Charlie Broccoli
320,3/3/24,1552.726986,2004.917835,9.566123749,Right,Charlie Broccoli
321,10/5/23,1652.81505,2136.670488,4.584137037,Right,Charlie Broccoli
322,10/22/23,1342.080313,2071.585935,5.733797807,Right,Charlie Broccoli
323,2/21/24,1823.898048,1780.300805,5.948715976,Right,Charlie Broccoli
324,12/10/23,1586.78993,2043.17256,3.943963054,Right,Charlie Broccoli
325,4/25/24,1249.508941,1987.810045,5.963166661,Right,Charlie Broccoli
326,3/29/24,1305.2074,1812.02137,6.621637239,Right,Charlie Broccoli
327,4/4/24,1556.076885,2101.642578,5.388031063,Right,Charlie Broccoli
328,11/8/23,1423.409278,2161.159315,4.499626226,Right,Charlie Broccoli
329,5/17/24,1449.245275,2218.32819,4.510243613,Right,Charlie Broccoli
330,11/10/23,1528.732939,1956.799347,4.355047975,Right,Charlie Broccoli
331,1/3/24,1661.361041,2111.147655,7.554884218,Right,Charlie Broccoli
332,1/30/24,1597.376833,1986.052695,7.840066218,Right,Charlie Broccoli
333,10/31/23,1695.88004,1994.064906,4.695514276,Right,Charlie Broccoli
334,10/10/23,1515.843668,1951.626927,8.611963512,Right,Charlie Broccoli
335,5/14/24,1221.972596,2200.55132,3.896469643,Right,Charlie Broccoli
336,11/27/23,1541.096462,2009.853741,7.895852467,Right,Charlie Broccoli
337,10/30/23,1572.850398,1854.114838,6.253727179,Right,Charlie Broccoli
338,11/28/23,1329.726909,2206.958561,6.378457941,Right,Charlie Broccoli
339,3/12/24,1474.090245,2202.006792,6.22573617,Right,Charlie Broccoli
340,5/11/24,1463.779558,1975.938258,6.142302083,Right,Charlie Broccoli
341,4/5/24,1300.061281,2033.923102,7.141123981,Right,Charlie Broccoli
342,11/18/23,1380.383641,1973.053626,5.600933142,Right,Charlie Broccoli
343,2/24/24,1555.268734,2080.867566,4.629480524,Right,Charlie Broccoli
344,4/15/24,1357.341722,1890.989664,7.440482323,Right,Charlie Broccoli
345,5/25/24,1447.090225,2121.479772,5.635036476,Right,Charlie Broccoli
346,11/13/23,1413.479502,1961.20322,4.325532482,Right,Charlie Broccoli
347,5/4/24,1550.770488,2091.372777,4.053237921,Right,Charlie Broccoli
348,10/19/23,1716.526162,2095.647965,4.055342916,Right,Charlie Broccoli
349,4/26/24,1649.174323,1906.264958,7.153837338,Right,Charlie Broccoli
350,2/3/24,1236.2417,2004.239888,6.031999928,Right,Charlie Broccoli
351,3/5/24,1497.43961,1966.306944,7.307727152,Right,Charlie Broccoli
352,4/11/24,1369.647322,2188.269105,6.101915541,Right,Charlie Broccoli
353,6/12/24,1591.375085,2207.345405,6.618644122,Right,Charlie Broccoli
354,5/10/24,1379.681813,1977.50551,7.838754159,Right,Charlie Broccoli
355,12/5/23,1539.936508,2098.329439,4.682824934,Right,Charlie Broccoli
356,2/18/24,1546.877996,1742.158174,6.744824673,Right,Charlie Broccoli
357,10/28/23,1629.82702,1871.071748,5.148205616,Right,Charlie Broccoli
358,6/18/24,1472.27096,2121.709043,6.07609053,Right,Charlie Broccoli
359,3/19/24,1372.932598,2044.476075,5.146160047,Right,Charlie Broccoli
360,3/2/24,1464.420154,2107.962628,8.221899273,Right,Charlie Broccoli
361,5/27/24,1528.220634,2045.273805,5.894241544,Right,Charlie Broccoli
362,3/25/24,1493.802302,1874.486704,4.53466165,Right,Charlie Broccoli
363,2/11/24,1449.091115,1985.724003,5.572572927,Right,Charlie Broccoli
364,1/1/24,1462.586346,1867.946923,4.186097516,Right,Charlie Broccoli
365,5/19/24,1399.899911,1992.868901,6.279791498,Right,Charlie Broccoli
366,3/15/24,1446.485341,2062.357196,5.734439592,Right,Charlie Broccoli
367,2/23/24,1281.721639,1933.2492,5.220045897,Right,Charlie Broccoli
368,3/21/24,1421.214821,2128.184573,4.971530675,Right,Charlie Broccoli
369,5/7/24,1353.139225,2022.31981,5.438065527,Right,Charlie Broccoli
370,10/29/23,1586.250304,2020.362077,7.435325424,Right,Charlie Broccoli
371,3/23/24,1209.82607,1894.182379,5.885371956,Right,Charlie Broccoli
372,2/1/24,1574.602434,1925.34527,4.602577183,Right,Charlie Broccoli
373,1/15/24,1306.059371,1903.151402,5.016130833,Right,Charlie Broccoli
374,6/17/24,1507.433811,1943.218719,5.374579604,Right,Charlie Broccoli
375,6/20/24,1364.346506,1799.883654,5.344473849,Right,Charlie Broccoli
376,4/10/24,1302.990672,2088.23912,7.625228387,Right,Charlie Broccoli
377,12/21/23,1424.628443,1958.261256,8.666232939,Right,Charlie Broccoli
378,11/29/23,1441.488943,1805.026394,7.511146991,Right,Charlie Broccoli
379,10/9/23,1322.491579,1913.494534,5.071604061,Right,Charlie Broccoli
380,1/11/24,1498.853504,1984.898825,3.384166293,Right,Charlie Broccoli
381,4/28/24,1527.894466,2199.207374,8.906445764,Right,Charlie Broccoli
382,1/9/24,1383.957613,1943.602034,4.904920856,Right,Charlie Broccoli
383,5/18/24,1523.475084,1927.245264,7.417889321,Right,Charlie Broccoli
384,1/31/24,1484.244293,2340.50847,5.458798416,Right,Charlie Broccoli
385,12/8/23,1388.99674,1947.843896,4.91380128,Right,Charlie Broccoli
386,6/2/24,1432.428993,1961.826655,7.12097583,Right,Charlie Broccoli
387,2/10/24,1327.450054,2126.000056,7.355610296,Right,Charlie Broccoli
388,10/21/23,1240.31974,2275.439101,4.558726939,Right,Charlie Broccoli
389,12/20/23,1105.969152,1974.10096,7.163058939,Right,Charlie Broccoli
390,6/4/24,1567.402836,1981.641899,6.334421798,Right,Charlie Broccoli
391,3/28/24,1399.454499,1884.582492,5.606630173,Right,Charlie Broccoli
392,12/29/23,1426.054187,2069.548541,4.105524687,Right,Charlie Broccoli
393,1/12/24,1378.057813,1935.709616,3.118356738,Right,Charlie Broccoli
394,10/17/23,1549.869222,2027.760607,7.296720576,Right,Charlie Broccoli
395,11/17/23,1465.639409,2146.949545,5.932705169,Right,Charlie Broccoli
396,3/27/24,1237.069187,1945.548189,7.655927716,Right,Charlie Broccoli
397,6/1/24,1500.818691,1865.986431,5.360563093,Right,Charlie Broccoli
398,10/12/23,1461.067196,1921.234406,4.536104366,Right,Charlie Broccoli
399,1/21/24,1398.463331,1968.470223,6.697614533,Right,Charlie Broccoli
400,11/4/23,1657.941186,1937.674204,4.983221284,Right,Charlie Broccoli
401,12/17/23,1527.682886,1993.667387,7.254221577,Left,Trey Cabbage
402,12/18/23,1475.878651,1859.010339,5.881408631,Left,Trey Cabbage
403,1/22/24,1220.77407,2013.131077,6.726288342,Left,Trey Cabbage
404,10/14/23,1561.230884,2096.829951,8.340577313,Left,Trey Cabbage
405,12/1/23,1435.914144,2191.632059,6.385162831,Left,Trey Cabbage
406,6/7/24,1503.306436,2047.461571,6.464956747,Left,Trey Cabbage
407,4/24/24,1503.188539,2004.99873,6.677625143,Left,Trey Cabbage
408,6/8/24,1526.879789,2118.308888,5.634802784,Left,Trey Cabbage
409,4/8/24,1473.815125,2024.522753,8.207827856,Left,Trey Cabbage
410,5/29/24,1512.040655,2134.383703,6.139856863,Left,Trey Cabbage
411,3/30/24,1512.177796,2093.265675,5.614773045,Left,Trey Cabbage
412,5/16/24,1576.21359,2030.924651,9.259809676,Left,Trey Cabbage
413,3/11/24,1423.97702,2046.89935,3.799475738,Left,Trey Cabbage
414,2/15/24,1554.429375,1997.353749,6.417571286,Left,Trey Cabbage
415,2/19/24,1503.685143,2073.792884,7.016182532,Left,Trey Cabbage
416,1/29/24,1432.10006,2145.230332,6.749115452,Left,Trey Cabbage
417,12/14/23,1541.472677,2176.129913,6.433687008,Left,Trey Cabbage
418,12/2/23,1452.886446,2024.646479,6.252683415,Left,Trey Cabbage
419,5/15/24,1557.922262,2103.400562,5.967011647,Left,Trey Cabbage
420,3/3/24,1611.201337,1990.949523,8.596511331,Left,Trey Cabbage
421,10/5/23,1458.457777,1901.961559,8.595796897,Left,Trey Cabbage
422,10/22/23,1314.598511,2050.661859,5.887734074,Left,Trey Cabbage
423,2/21/24,1308.002261,2129.695395,6.160333789,Left,Trey Cabbage
424,12/10/23,1506.209827,1942.750953,6.185252201,Left,Trey Cabbage
425,4/25/24,1497.918361,2049.663738,7.507810062,Left,Trey Cabbage
426,3/29/24,1594.639049,1985.02971,7.12802852,Left,Trey Cabbage
427,4/4/24,1494.94714,2017.909829,7.471785176,Left,Trey Cabbage
428,11/8/23,1578.423558,2059.097436,8.343928638,Left,Trey Cabbage
429,5/17/24,1503.226772,2060.48908,8.502367641,Left,Trey Cabbage
430,11/10/23,1559.38683,2052.110138,5.351607506,Left,Trey Cabbage
431,1/3/24,1408.587139,2131.913014,6.197201807,Left,Trey Cabbage
432,1/30/24,1508.178901,1968.938782,9.007001659,Left,Trey Cabbage
433,10/31/23,1468.559204,2036.04969,6.036974022,Left,Trey Cabbage
434,10/10/23,1369.721002,1944.084038,7.49897111,Left,Trey Cabbage
435,5/14/24,1558.729805,2068.725866,6.043714104,Left,Trey Cabbage
436,11/27/23,1646.180761,2088.033585,7.881469405,Left,Trey Cabbage
437,10/30/23,1490.584741,2090.947665,7.921840066,Left,Trey Cabbage
438,11/28/23,1463.450448,2156.584293,6.745937536,Left,Trey Cabbage
439,3/12/24,1399.782245,2164.604655,6.322971134,Left,Trey Cabbage
440,5/11/24,1494.89432,1954.945105,6.470915021,Left,Trey Cabbage
441,4/5/24,1412.268596,1982.493868,6.085133135,Left,Trey Cabbage
442,11/18/23,1569.959878,1988.09898,7.225190925,Left,Trey Cabbage
443,2/24/24,1515.125229,2200.028248,7.124005111,Left,Trey Cabbage
444,4/15/24,1605.365494,1950.318534,6.79369662,Left,Trey Cabbage
445,5/25/24,1533.761335,2042.494045,7.107537386,Left,Trey Cabbage
446,11/13/23,1643.2007,1799.275855,6.695812866,Left,Trey Cabbage
447,5/4/24,1615.358697,2062.618486,6.929975328,Left,Trey Cabbage
448,10/19/23,1383.698446,1984.667419,7.517210778,Left,Trey Cabbage
449,4/26/24,1363.27796,1957.772978,6.716858834,Left,Trey Cabbage
450,2/3/24,1519.535335,2088.865054,7.809725494,Left,Trey Cabbage
451,3/5/24,1593.302535,2144.710685,7.676961998,Left,Trey Cabbage
452,4/11/24,1445.535605,2014.303574,5.666262314,Left,Trey Cabbage
453,6/12/24,1426.025751,2057.413437,5.677674669,Left,Trey Cabbage
454,5/10/24,1489.594565,2048.675287,4.43709877,Left,Trey Cabbage
455,12/5/23,1350.524,2067.322465,5.548833345,Left,Trey Cabbage
456,2/18/24,1311.862616,2003.734064,7.378964476,Left,Trey Cabbage
457,10/28/23,1492.386137,2064.917455,6.950448698,Left,Trey Cabbage
458,6/18/24,1421.443785,2023.49856,8.15913369,Left,Trey Cabbage
459,3/19/24,1353.053131,2032.961053,6.572536176,Left,Trey Cabbage
460,3/2/24,1505.314823,2080.954694,7.50423898,Left,Trey Cabbage
461,5/27/24,1438.606345,2067.133907,6.911507771,Left,Trey Cabbage
462,3/25/24,1479.697756,1913.687439,6.408430836,Left,Trey Cabbage
463,2/11/24,1474.009889,1994.499857,7.663788969,Left,Trey Cabbage
464,1/1/24,1628.720078,2038.524273,9.224246424,Left,Trey Cabbage
465,5/19/24,1439.836185,2056.986493,9.519912315,Left,Trey Cabbage
466,3/15/24,1511.249331,2063.22171,6.051535873,Left,Trey Cabbage
467,2/23/24,1428.857901,1879.231688,4.726237081,Left,Trey Cabbage
468,3/21/24,1517.289234,1967.479142,5.347520337,Left,Trey Cabbage
469,5/7/24,1484.410131,2136.232476,4.998810072,Left,Trey Cabbage
470,10/29/23,1413.84573,2159.216666,8.955996425,Left,Trey Cabbage
471,3/23/24,1458.981493,2145.381669,7.730143642,Left,Trey Cabbage
472,2/1/24,1296.908348,2114.741529,7.898708136,Left,Trey Cabbage
473,1/15/24,1535.782631,2162.678593,5.118357318,Left,Trey Cabbage
474,6/17/24,1489.300689,2005.981901,6.925445808,Left,Trey Cabbage
475,6/20/24,1609.181752,2030.468658,7.563272184,Left,Trey Cabbage
476,4/10/24,1407.119455,2167.928453,4.168797663,Left,Trey Cabbage
477,12/21/23,1419.534759,2122.426025,7.406797416,Left,Trey Cabbage
478,11/29/23,1440.317907,1853.610789,5.471303013,Left,Trey Cabbage
479,10/9/23,1493.378583,2169.652581,4.565472423,Left,Trey Cabbage
480,1/11/24,1551.43483,1885.557977,5.932980612,Left,Trey Cabbage
481,4/28/24,1455.633225,1985.647373,8.283895884,Left,Trey Cabbage
482,1/9/24,1469.049673,1987.832374,8.609718091,Left,Trey Cabbage
483,5/18/24,1509.979221,2108.8539,6.419596983,Left,Trey Cabbage
484,1/31/24,1506.542346,2145.406704,5.30305419,Left,Trey Cabbage
485,12/8/23,1574.600501,2048.146663,6.279650819,Left,Trey Cabbage
486,6/2/24,1562.451326,1967.302654,7.507333189,Left,Trey Cabbage
487,2/10/24,1594.151251,2146.582609,4.508696373,Left,Trey Cabbage
488,10/21/23,1326.659777,1957.509532,6.156793095,Left,Trey Cabbage
489,12/20/23,1576.667065,1992.301478,7.321760248,Left,Trey Cabbage
490,6/4/24,1547.272733,1931.405038,9.16937791,Left,Trey Cabbage
491,3/28/24,1483.912026,2036.092203,9.147224111,Left,Trey Cabbage
492,12/29/23,1593.748007,2071.589122,6.201058681,Left,Trey Cabbage
493,1/12/24,1493.433614,2076.975031,6.158791857,Left,Trey Cabbage
494,10/17/23,1413.009034,2063.333529,5.201103649,Left,Trey Cabbage
495,11/17/23,1596.265488,1880.243091,8.989298828,Left,Trey Cabbage
496,3/27/24,1572.439214,2040.270463,7.601525806,Left,Trey Cabbage
497,6/1/24,1422.940265,2173.395791,5.407713808,Left,Trey Cabbage
498,10/12/23,1591.855728,2057.4676,7.200853234,Left,Trey Cabbage
499,1/21/24,1381.799741,2216.880593,6.032027289,Left,Trey Cabbage
500,11/4/23,1488.590608,1988.014007,10.43944844,Left,Trey Cabbage
501,12/17/23,1330.800702,2054.700662,5.633704313,Right,Trey Cabbage
502,12/18/23,1468.979863,2037.347069,5.893826857,Right,Trey Cabbage
503,1/22/24,1402.462723,2162.720159,8.799874124,Right,Trey Cabbage
504,10/14/23,1085.771974,2154.243996,4.788616175,Right,Trey Cabbage
505,12/1/23,1476.566748,2103.217249,4.544608982,Right,Trey Cabbage
506,6/7/24,1661.138409,2086.942832,6.000154,Right,Trey Cabbage
507,4/24/24,1426.707488,1837.576817,6.053276208,Right,Trey Cabbage
508,6/8/24,1190.061243,1812.081012,3.371550123,Right,Trey Cabbage
509,4/8/24,1444.555647,1890.253902,4.730463425,Right,Trey Cabbage
510,5/29/24,1499.481522,2056.516291,5.674359956,Right,Trey Cabbage
511,3/30/24,1489.525363,1872.353503,7.964124603,Right,Trey Cabbage
512,5/16/24,1425.2484,2021.266296,6.867192148,Right,Trey Cabbage
513,3/11/24,1489.258834,1949.687411,5.813863599,Right,Trey Cabbage
514,2/15/24,1263.818682,2176.245659,4.097926366,Right,Trey Cabbage
515,2/19/24,1454.787473,1783.347231,6.953379101,Right,Trey Cabbage
516,1/29/24,1474.745857,1960.146279,5.897702743,Right,Trey Cabbage
517,12/14/23,1470.844579,2122.362677,5.398683338,Right,Trey Cabbage
518,12/2/23,1534.886724,1855.222261,5.516215283,Right,Trey Cabbage
519,5/15/24,1474.213394,1943.4209,4.388173581,Right,Trey Cabbage
520,3/3/24,1230.880611,1797.882338,4.438687753,Right,Trey Cabbage
521,10/5/23,1465.824701,2118.64361,7.995658616,Right,Trey Cabbage
522,10/22/23,1427.560543,1975.335504,6.779551176,Right,Trey Cabbage
523,2/21/24,1284.396344,2257.282052,5.675962988,Right,Trey Cabbage
524,12/10/23,1554.562829,2348.28435,7.179600344,Right,Trey Cabbage
525,4/25/24,1418.32639,1923.993644,6.302906931,Right,Trey Cabbage
526,3/29/24,1398.103094,2132.64588,7.556258838,Right,Trey Cabbage
527,4/4/24,1479.374759,1865.563562,4.855137436,Right,Trey Cabbage
528,11/8/23,1524.881204,2064.463237,5.519694213,Right,Trey Cabbage
529,5/17/24,1333.090706,1901.005716,4.048970326,Right,Trey Cabbage
530,11/10/23,1546.595043,1997.287358,7.465270277,Right,Trey Cabbage
531,1/3/24,1290.302139,2135.877432,4.242096648,Right,Trey Cabbage
532,1/30/24,1541.408732,2098.804387,5.771290538,Right,Trey Cabbage
533,10/31/23,1302.381482,2147.813198,6.341983996,Right,Trey Cabbage
534,10/10/23,1569.457239,2237.6016,5.940985914,Right,Trey Cabbage
535,5/14/24,1398.686904,1975.132237,3.548307552,Right,Trey Cabbage
536,11/27/23,1577.101663,2013.556244,8.146666774,Right,Trey Cabbage
537,10/30/23,1514.452553,1900.346081,4.435970168,Right,Trey Cabbage
538,11/28/23,1472.153406,1904.832756,5.611353014,Right,Trey Cabbage
539,3/12/24,1602.730839,1899.513981,3.379588187,Right,Trey Cabbage
540,5/11/24,1353.660986,1955.972857,4.216530302,Right,Trey Cabbage
541,4/5/24,1261.59506,1954.534605,4.871040368,Right,Trey Cabbage
542,11/18/23,1244.437282,2085.522598,6.937061673,Right,Trey Cabbage
543,2/24/24,1335.629336,2019.691315,5.529448803,Right,Trey Cabbage
544,4/15/24,1657.824883,2036.033716,7.041075886,Right,Trey Cabbage
545,5/25/24,1491.980969,1747.122147,7.025572201,Right,Trey Cabbage
546,11/13/23,1447.501248,1925.153518,5.460703582,Right,Trey Cabbage
547,5/4/24,1231.170785,2141.592499,7.399162321,Right,Trey Cabbage
548,10/19/23,1363.964279,2032.054123,5.021751111,Right,Trey Cabbage
549,4/26/24,1509.730262,1924.324337,6.740890121,Right,Trey Cabbage
550,2/3/24,1372.524083,1849.254593,4.121049066,Right,Trey Cabbage
551,3/5/24,1352.936888,1910.531212,5.16936803,Right,Trey Cabbage
552,4/11/24,1279.40347,1773.157977,4.943485609,Right,Trey Cabbage
553,6/12/24,1497.178692,1865.935263,5.690665547,Right,Trey Cabbage
554,5/10/24,1605.503707,1978.757288,7.314783139,Right,Trey Cabbage
555,12/5/23,1644.485068,2073.030268,7.360982246,Right,Trey Cabbage
556,2/18/24,1447.401219,1854.325046,5.436553082,Right,Trey Cabbage
557,10/28/23,1207.003301,2183.3063,3.295255131,Right,Trey Cabbage
558,6/18/24,1518.81095,2083.236242,4.68531412,Right,Trey Cabbage
559,3/19/24,1276.482124,2044.07691,5.821228728,Right,Trey Cabbage
560,3/2/24,1391.678001,2074.22778,6.493082935,Right,Trey Cabbage
561,5/27/24,1483.459562,1970.532946,4.775572943,Right,Trey Cabbage
562,3/25/24,1256.783972,1865.438875,7.148005881,Right,Trey Cabbage
563,2/11/24,1385.162678,1887.827,5.621284342,Right,Trey Cabbage
564,1/1/24,1659.634272,1983.176204,4.28822648,Right,Trey Cabbage
565,5/19/24,1312.404934,1960.519153,6.576438273,Right,Trey Cabbage
566,3/15/24,1395.842584,1877.500364,4.36413967,Right,Trey Cabbage
567,2/23/24,1511.953975,1954.934505,8.964931303,Right,Trey Cabbage
568,3/21/24,1427.174164,1994.29869,7.913047541,Right,Trey Cabbage
569,5/7/24,1522.32361,1958.950933,6.633487705,Right,Trey Cabbage
570,10/29/23,1472.729675,2063.691342,7.979472717,Right,Trey Cabbage
571,3/23/24,1480.426826,1868.19468,6.259349529,Right,Trey Cabbage
572,2/1/24,1445.513992,1977.912796,4.829678405,Right,Trey Cabbage
573,1/15/24,1270.071951,1810.780743,6.796543832,Right,Trey Cabbage
574,6/17/24,1687.836646,2143.874267,5.938130022,Right,Trey Cabbage
575,6/20/24,1743.378366,2139.332336,5.3152546,Right,Trey Cabbage
576,4/10/24,1491.826178,2069.097793,7.550698111,Right,Trey Cabbage
577,12/21/23,1465.236121,1980.789988,5.84413708,Right,Trey Cabbage
578,11/29/23,1672.13875,2033.323201,5.074196418,Right,Trey Cabbage
579,10/9/23,1336.063492,2232.899775,4.023788095,Right,Trey Cabbage
580,1/11/24,1447.063828,1859.088232,8.495023963,Right,Trey Cabbage
581,4/28/24,1422.855526,1978.973245,7.182484054,Right,Trey Cabbage
582,1/9/24,1553.062391,2166.328868,4.809764877,Right,Trey Cabbage
583,5/18/24,1250.418952,1930.496327,5.588456312,Right,Trey Cabbage
584,1/31/24,1475.768409,1979.758266,6.073754481,Right,Trey Cabbage
585,12/8/23,1436.883995,1861.765255,4.932157182,Right,Trey Cabbage
586,6/2/24,1430.660503,1950.4624,6.53839673,Right,Trey Cabbage
587,2/10/24,1295.677004,1926.768157,5.420785719,Right,Trey Cabbage
588,10/21/23,1538.060846,1936.242529,3.578114607,Right,Trey Cabbage
589,12/20/23,1227.436557,1960.738043,4.877433191,Right,Trey Cabbage
590,6/4/24,1519.338703,1964.374462,6.734389697,Right,Trey Cabbage
591,3/28/24,1272.260229,1891.342867,5.912326531,Right,Trey Cabbage
592,12/29/23,1650.373538,2232.841392,7.107435909,Right,Trey Cabbage
593,1/12/24,1606.199173,1789.68699,8.122589935,Right,Trey Cabbage
594,10/17/23,1608.149226,1881.828757,3.158853074,Right,Trey Cabbage
595,11/17/23,1427.174505,2113.938603,6.357752372,Right,Trey Cabbage
596,3/27/24,1487.705555,2308.862069,7.600830939,Right,Trey Cabbage
597,6/1/24,1551.060185,2200.380264,5.665139967,Right,Trey Cabbage
598,10/12/23,1579.664566,1877.912975,6.372838192,Right,Trey Cabbage
599,1/21/24,1378.989042,1872.255723,5.927721513,Right,Trey Cabbage
600,11/4/23,1390.370091,1986.393222,5.43958607,Right,Trey Cabbage
601,12/17/23,1265.895222,2068.208194,3.759077862,Left,Joey Mushroom
602,12/18/23,1440.158648,1991.297643,5.680780171,Left,Joey Mushroom
603,1/22/24,1547.694583,2054.252323,6.93110426,Left,Joey Mushroom
604,10/14/23,1387.008524,1985.583711,7.276968061,Left,Joey Mushroom
605,12/1/23,1396.833994,2061.672673,7.708625419,Left,Joey Mushroom
606,6/7/24,1406.344814,2199.614088,8.562519934,Left,Joey Mushroom
607,4/24/24,1651.196732,1962.369039,6.516533803,Left,Joey Mushroom
608,6/8/24,1602.532017,1995.201815,7.274734052,Left,Joey Mushroom
609,4/8/24,1408.950505,2135.066716,7.709778277,Left,Joey Mushroom
610,5/29/24,1357.502922,2002.527894,8.399582408,Left,Joey Mushroom
611,3/30/24,1352.141376,1854.199791,6.753160938,Left,Joey Mushroom
612,5/16/24,1478.443744,1957.230764,6.176091255,Left,Joey Mushroom
613,3/11/24,1560.629258,2010.406906,6.537780262,Left,Joey Mushroom
614,2/15/24,1401.566531,2057.154018,5.530944606,Left,Joey Mushroom
615,2/19/24,1472.079546,1966.765984,6.875871184,Left,Joey Mushroom
616,1/29/24,1474.585329,2002.564052,5.640636428,Left,Joey Mushroom
617,12/14/23,1632.420673,2036.270849,7.02489073,Left,Joey Mushroom
618,12/2/23,1353.24705,2109.292698,8.399382228,Left,Joey Mushroom
619,5/15/24,1469.836253,2007.574614,4.844356299,Left,Joey Mushroom
620,3/3/24,1438.628322,2008.92969,8.245530255,Left,Joey Mushroom
621,10/5/23,1433.569989,2010.560285,3.927481028,Left,Joey Mushroom
622,10/22/23,1609.789905,2105.924954,8.783435222,Left,Joey Mushroom
623,2/21/24,1693.015455,1958.581922,6.895994376,Left,Joey Mushroom
624,12/10/23,1443.39775,2239.093726,8.536415304,Left,Joey Mushroom
625,4/25/24,1440.570147,2089.504121,7.522530379,Left,Joey Mushroom
626,3/29/24,1588.607913,2041.458354,8.033063986,Left,Joey Mushroom
627,4/4/24,1574.711224,2012.939616,6.773012072,Left,Joey Mushroom
628,11/8/23,1359.149461,2141.884837,9.530078506,Left,Joey Mushroom
629,5/17/24,1632.931105,2010.679622,6.74412472,Left,Joey Mushroom
630,11/10/23,1540.933448,2021.406053,6.939478869,Left,Joey Mushroom
631,1/3/24,1516.489609,1865.989692,4.616220016,Left,Joey Mushroom
632,1/30/24,1263.990274,1933.355369,9.690884598,Left,Joey Mushroom
633,10/31/23,1617.528064,2021.412717,6.46626804,Left,Joey Mushroom
634,10/10/23,1518.371985,2012.802594,8.578951332,Left,Joey Mushroom
635,5/14/24,1314.873566,1945.296591,5.796364267,Left,Joey Mushroom
636,11/27/23,1489.4386,2022.359844,6.173090359,Left,Joey Mushroom
637,10/30/23,1497.351137,2121.782769,7.073794265,Left,Joey Mushroom
638,11/28/23,1523.546926,1940.613977,7.572938013,Left,Joey Mushroom
639,3/12/24,1502.276114,1984.817212,6.198889435,Left,Joey Mushroom
640,5/11/24,1623.636782,2027.215273,5.430961053,Left,Joey Mushroom
641,4/5/24,1353.041972,1983.411861,5.398229306,Left,Joey Mushroom
642,11/18/23,1563.114321,1933.684564,5.098703142,Left,Joey Mushroom
643,2/24/24,1593.527995,2100.935743,6.377168788,Left,Joey Mushroom
644,4/15/24,1601.16263,2024.7301,7.705688367,Left,Joey Mushroom
645,5/25/24,1430.374879,2139.045528,8.746479208,Left,Joey Mushroom
646,11/13/23,1518.536221,2065.582615,5.792896199,Left,Joey Mushroom
647,5/4/24,1437.522777,1997.089912,5.790247625,Left,Joey Mushroom
648,10/19/23,1559.635509,1996.465873,7.195658629,Left,Joey Mushroom
649,4/26/24,1424.561086,2153.527798,6.645839776,Left,Joey Mushroom
650,2/3/24,1539.155989,2069.57891,8.508384013,Left,Joey Mushroom
651,3/5/24,1662.246639,2091.711481,10.68402166,Left,Joey Mushroom
652,4/11/24,1501.469579,1928.168594,7.288493165,Left,Joey Mushroom
653,6/12/24,1587.774351,2095.221798,5.712451662,Left,Joey Mushroom
654,5/10/24,1408.558661,2219.673898,6.794186653,Left,Joey Mushroom
655,12/5/23,1386.719507,1910.248886,6.494447285,Left,Joey Mushroom
656,2/18/24,1366.007685,2071.401632,6.370877784,Left,Joey Mushroom
657,10/28/23,1417.209472,2119.633199,7.817256588,Left,Joey Mushroom
658,6/18/24,1625.142494,2115.763793,7.273059256,Left,Joey Mushroom
659,3/19/24,1434.033294,1903.79227,7.065687063,Left,Joey Mushroom
660,3/2/24,1411.442678,2077.573394,6.382308426,Left,Joey Mushroom
661,5/27/24,1381.888391,2039.351106,6.562225183,Left,Joey Mushroom
662,3/25/24,1562.888191,2057.395973,8.285093007,Left,Joey Mushroom
663,2/11/24,1388.436792,1962.226021,7.640477372,Left,Joey Mushroom
664,1/1/24,1579.203897,2249.559073,5.868372628,Left,Joey Mushroom
665,5/19/24,1497.95716,2037.848981,7.703864611,Left,Joey Mushroom
666,3/15/24,1499.916826,1963.463573,6.762636568,Left,Joey Mushroom
667,2/23/24,1541.892316,1980.614758,6.970098227,Left,Joey Mushroom
668,3/21/24,1542.533568,2004.21976,8.526009274,Left,Joey Mushroom
669,5/7/24,1566.397574,2103.868833,5.857251987,Left,Joey Mushroom
670,10/29/23,1650.168827,2035.454429,5.223332122,Left,Joey Mushroom
671,3/23/24,1627.509035,1902.294582,7.741777285,Left,Joey Mushroom
672,2/1/24,1590.886916,2008.842783,5.104561236,Left,Joey Mushroom
673,1/15/24,1653.893827,2045.193658,6.912792481,Left,Joey Mushroom
674,6/17/24,1281.686524,1985.235221,5.680482664,Left,Joey Mushroom
675,6/20/24,1409.80125,1959.823757,8.361151394,Left,Joey Mushroom
676,4/10/24,1363.562297,2221.613027,7.623286448,Left,Joey Mushroom
677,12/21/23,1433.154233,2122.15876,4.663994295,Left,Joey Mushroom
678,11/29/23,1355.824074,2063.421721,8.849450205,Left,Joey Mushroom
679,10/9/23,1589.908547,1851.338884,7.450558063,Left,Joey Mushroom
680,1/11/24,1638.116156,2055.89972,6.77050023,Left,Joey Mushroom
681,4/28/24,1302.796939,1892.047183,7.283248469,Left,Joey Mushroom
682,1/9/24,1677.008487,2156.263743,6.457969733,Left,Joey Mushroom
683,5/18/24,1570.937985,1977.396464,4.94966316,Left,Joey Mushroom
684,1/31/24,1440.477607,1970.314751,7.570557193,Left,Joey Mushroom
685,12/8/23,1457.824611,1965.61956,4.876807297,Left,Joey Mushroom
686,6/2/24,1550.613325,2014.640984,8.241735867,Left,Joey Mushroom
687,2/10/24,1527.359817,2096.50842,8.905910876,Left,Joey Mushroom
688,10/21/23,1740.871036,2050.455764,5.524592706,Left,Joey Mushroom
689,12/20/23,1487.394893,2030.026815,7.607358045,Left,Joey Mushroom
690,6/4/24,1522.243066,2024.339808,7.454474011,Left,Joey Mushroom
691,3/28/24,1469.024045,1999.417248,4.870838278,Left,Joey Mushroom
692,12/29/23,1383.751299,1862.71288,6.130945968,Left,Joey Mushroom
693,1/12/24,1525.958316,2052.063998,6.940302528,Left,Joey Mushroom
694,10/17/23,1594.077409,2009.262331,6.854574022,Left,Joey Mushroom
695,11/17/23,1526.529596,2024.143642,6.962355415,Left,Joey Mushroom
696,3/27/24,1464.300975,2167.196452,6.253454829,Left,Joey Mushroom
697,6/1/24,1517.093563,2038.72177,7.467025899,Left,Joey Mushroom
698,10/12/23,1633.364936,2081.336124,6.192325574,Left,Joey Mushroom
699,1/21/24,1402.998236,2016.030268,6.214297247,Left,Joey Mushroom
700,11/4/23,1747.564641,2012.79647,7.306216034,Left,Joey Mushroom
701,12/17/23,1646.46449,2031.378214,6.963688942,Right,Joey Mushroom
702,12/18/23,1530.29429,1873.538589,6.318781963,Right,Joey Mushroom
703,1/22/24,1534.868532,2306.962503,5.210573822,Right,Joey Mushroom
704,10/14/23,1546.028881,2072.508457,5.659961033,Right,Joey Mushroom
705,12/1/23,1607.781795,2178.168422,6.274354872,Right,Joey Mushroom
706,6/7/24,1088.515608,1944.19859,5.86806732,Right,Joey Mushroom
707,4/24/24,1458.418507,2036.012086,4.703701785,Right,Joey Mushroom
708,6/8/24,1690.363917,1933.370241,5.742862859,Right,Joey Mushroom
709,4/8/24,1509.595216,2089.813923,7.751793221,Right,Joey Mushroom
710,5/29/24,1463.854978,1760.485798,5.966027836,Right,Joey Mushroom
711,3/30/24,1334.466924,2024.552686,4.276742616,Right,Joey Mushroom
712,5/16/24,1640.680369,2112.758039,5.801046448,Right,Joey Mushroom
713,3/11/24,1451.649693,1763.364025,5.005349302,Right,Joey Mushroom
714,2/15/24,1521.368165,1870.829865,6.025319368,Right,Joey Mushroom
715,2/19/24,1533.994143,1790.442156,6.599121021,Right,Joey Mushroom
716,1/29/24,1466.143801,2041.991848,2.309323074,Right,Joey Mushroom
717,12/14/23,1444.800704,1946.934548,6.204925654,Right,Joey Mushroom
718,12/2/23,1478.093461,2202.104907,5.904443715,Right,Joey Mushroom
719,5/15/24,1531.306697,2124.683984,5.623737901,Right,Joey Mushroom
720,3/3/24,1662.050709,1981.539098,7.853878573,Right,Joey Mushroom
721,10/5/23,1549.366267,1999.291652,6.432891741,Right,Joey Mushroom
722,10/22/23,1380.36655,1977.953101,4.279900367,Right,Joey Mushroom
723,2/21/24,1482.136844,2156.602813,7.024254471,Right,Joey Mushroom
724,12/10/23,1263.819087,2119.373165,4.526714346,Right,Joey Mushroom
725,4/25/24,1309.614286,2141.399302,6.63855753,Right,Joey Mushroom
726,3/29/24,1293.934981,1800.567658,4.597561329,Right,Joey Mushroom
727,4/4/24,1837.808202,1987.397685,6.917196049,Right,Joey Mushroom
728,11/8/23,1360.035921,2251.917876,5.610104288,Right,Joey Mushroom
729,5/17/24,1508.894246,2013.252239,6.137997952,Right,Joey Mushroom
730,11/10/23,1311.382678,2001.66706,6.919225228,Right,Joey Mushroom
731,1/3/24,1243.759555,1897.581074,5.723102738,Right,Joey Mushroom
732,1/30/24,1273.394271,1953.433781,6.509726018,Right,Joey Mushroom
733,10/31/23,1250.759303,1977.652117,5.170543395,Right,Joey Mushroom
734,10/10/23,1230.048539,2180.035439,6.376605606,Right,Joey Mushroom
735,5/14/24,1453.437415,1993.616182,6.679181024,Right,Joey Mushroom
736,11/27/23,1511.893796,1838.91008,8.375023747,Right,Joey Mushroom
737,10/30/23,1550.886638,1954.672948,7.760339833,Right,Joey Mushroom
738,11/28/23,1562.957005,1881.609978,7.223787716,Right,Joey Mushroom
739,3/12/24,1334.259238,1987.082834,4.050824768,Right,Joey Mushroom
740,5/11/24,1473.018163,1875.839681,6.097094883,Right,Joey Mushroom
741,4/5/24,1406.619508,1886.763401,6.271659587,Right,Joey Mushroom
742,11/18/23,1337.015092,2177.190945,6.105431173,Right,Joey Mushroom
743,2/24/24,1386.335147,1999.513513,6.51804676,Right,Joey Mushroom
744,4/15/24,1483.373351,2066.277392,8.473126142,Right,Joey Mushroom
745,5/25/24,1444.546285,2061.556754,6.160946301,Right,Joey Mushroom
746,11/13/23,1682.068767,2179.775617,8.097871193,Right,Joey Mushroom
747,5/4/24,1329.230587,2143.618916,5.61057661,Right,Joey Mushroom
748,10/19/23,1570.755168,1933.884947,3.273455489,Right,Joey Mushroom
749,4/26/24,1474.009702,1973.131364,6.711768938,Right,Joey Mushroom
750,2/3/24,1564.847993,1934.782394,4.182952058,Right,Joey Mushroom
751,3/5/24,1322.476736,2056.878891,4.451234479,Right,Joey Mushroom
752,4/11/24,1268.22419,1853.483405,5.067908193,Right,Joey Mushroom
753,6/12/24,1455.23448,1926.715088,6.874390354,Right,Joey Mushroom
754,5/10/24,1647.243778,2119.753161,5.903532096,Right,Joey Mushroom
755,12/5/23,1210.373139,2102.442127,6.519594526,Right,Joey Mushroom
756,2/18/24,1414.743204,2133.344453,5.091483876,Right,Joey Mushroom
757,10/28/23,1493.249332,2093.977642,6.509381451,Right,Joey Mushroom
758,6/18/24,1349.861188,1988.964357,4.790037333,Right,Joey Mushroom
759,3/19/24,1363.252325,2069.348052,7.06571495,Right,Joey Mushroom
760,3/2/24,1364.094059,1977.208527,4.212024278,Right,Joey Mushroom
761,5/27/24,1566.707923,2051.271922,6.822174462,Right,Joey Mushroom
762,3/25/24,1457.458048,1991.226847,6.116269779,Right,Joey Mushroom
763,2/11/24,1581.802873,1933.772636,7.200526961,Right,Joey Mushroom
764,1/1/24,1379.327684,2116.455836,9.896702014,Right,Joey Mushroom
765,5/19/24,1411.964641,2022.526702,5.673263013,Right,Joey Mushroom
766,3/15/24,1436.021685,2059.204789,4.849755158,Right,Joey Mushroom
767,2/23/24,1377.881025,2141.387562,7.012993601,Right,Joey Mushroom
768,3/21/24,1606.372492,1940.949115,5.676275278,Right,Joey Mushroom
769,5/7/24,1436.416378,2002.689166,7.028018681,Right,Joey Mushroom
770,10/29/23,1237.327695,1936.244874,6.462392982,Right,Joey Mushroom
771,3/23/24,1516.767117,1788.908012,6.619685707,Right,Joey Mushroom
772,2/1/24,1539.370519,2069.78604,6.974299532,Right,Joey Mushroom
773,1/15/24,1493.419958,1917.339696,7.102961239,Right,Joey Mushroom
774,6/17/24,1418.358835,1901.559317,5.493319788,Right,Joey Mushroom
775,6/20/24,1531.845899,1996.148817,7.619280782,Right,Joey Mushroom
776,4/10/24,1518.801173,1807.425193,9.229794489,Right,Joey Mushroom
777,12/21/23,1501.631048,2258.482465,7.167305532,Right,Joey Mushroom
778,11/29/23,1623.442671,2052.875541,5.896042594,Right,Joey Mushroom
779,10/9/23,1566.446447,2024.329589,5.324588922,Right,Joey Mushroom
780,1/11/24,1354.887323,1805.476831,5.61192451,Right,Joey Mushroom
781,4/28/24,1388.514233,2086.99094,6.230025906,Right,Joey Mushroom
782,1/9/24,1356.710342,2152.877852,4.770950645,Right,Joey Mushroom
783,5/18/24,1459.210657,2113.508337,7.945925081,Right,Joey Mushroom
784,1/31/24,1447.983164,2054.440041,7.21153013,Right,Joey Mushroom
785,12/8/23,1474.815147,2158.82534,4.799767054,Right,Joey Mushroom
786,6/2/24,1279.779989,2102.284055,8.670395012,Right,Joey Mushroom
787,2/10/24,1379.14141,1828.407328,5.921108956,Right,Joey Mushroom
788,10/21/23,1448.081116,2105.491494,7.357800595,Right,Joey Mushroom
789,12/20/23,1378.955169,2103.372328,8.019433319,Right,Joey Mushroom
790,6/4/24,1484.502076,2183.178539,5.562408677,Right,Joey Mushroom
791,3/28/24,1350.530815,1822.259482,5.972747106,Right,Joey Mushroom
792,12/29/23,1558.671032,1913.346445,8.229005583,Right,Joey Mushroom
793,1/12/24,1539.549824,1987.929924,5.633646582,Right,Joey Mushroom
794,10/17/23,1556.557546,1917.934411,4.132580592,Right,Joey Mushroom
795,11/17/23,1460.84135,2044.826957,8.879530679,Right,Joey Mushroom
796,3/27/24,1546.679436,1897.971141,4.848866955,Right,Joey Mushroom
797,6/1/24,1380.447816,2186.555553,6.141489809,Right,Joey Mushroom
798,10/12/23,1429.057447,1788.214918,4.76939047,Right,Joey Mushroom
799,1/21/24,1378.671672,1952.009033,6.645641732,Right,Joey Mushroom
800,11/4/23,1528.062272,1971.688214,8.173270267,Right,Joey Mushroom
801,12/17/23,1488.714451,2028.088417,5.289540128,Left,Kyle Garlick
802,12/18/23,1466.565405,1845.521032,6.786354466,Left,Kyle Garlick
803,1/22/24,1517.985507,1780.591975,7.325311709,Left,Kyle Garlick
804,10/14/23,1511.954717,2009.862992,6.707593158,Left,Kyle Garlick
805,12/1/23,1554.868083,2109.797712,7.611081175,Left,Kyle Garlick
806,6/7/24,1330.675136,1969.967293,7.770481964,Left,Kyle Garlick
807,4/24/24,1586.504323,2057.427707,7.357580829,Left,Kyle Garlick
808,6/8/24,1462.944287,1932.581658,5.98489055,Left,Kyle Garlick
809,4/8/24,1529.2198,2220.219471,4.558839011,Left,Kyle Garlick
810,5/29/24,1424.35931,1990.845971,7.051817688,Left,Kyle Garlick
811,3/30/24,1426.179344,2167.144745,5.727179552,Left,Kyle Garlick
812,5/16/24,1649.32579,2026.137058,8.077501392,Left,Kyle Garlick
813,3/11/24,1480.08361,2078.690888,6.250873364,Left,Kyle Garlick
814,2/15/24,1565.381918,2081.007503,6.675327384,Left,Kyle Garlick
815,2/19/24,1424.309903,1987.030182,6.909904483,Left,Kyle Garlick
816,1/29/24,1420.999681,1956.359245,6.335317392,Left,Kyle Garlick
817,12/14/23,1422.85889,2155.618328,8.094024572,Left,Kyle Garlick
818,12/2/23,1467.030777,2316.246398,5.512338678,Left,Kyle Garlick
819,5/15/24,1668.130424,2136.561025,6.206249991,Left,Kyle Garlick
820,3/3/24,1483.103545,1977.423944,9.315872175,Left,Kyle Garlick
821,10/5/23,1559.626804,2142.491322,6.151880942,Left,Kyle Garlick
822,10/22/23,1561.167526,1993.837196,6.776891518,Left,Kyle Garlick
823,2/21/24,1516.838702,1922.693817,6.236793087,Left,Kyle Garlick
824,12/10/23,1457.918374,2126.757655,7.023120223,Left,Kyle Garlick
825,4/25/24,1468.2291,2065.937338,6.152864738,Left,Kyle Garlick
826,3/29/24,1531.3947,2192.286882,5.506266687,Left,Kyle Garlick
827,4/4/24,1392.101275,2081.270564,7.6722863,Left,Kyle Garlick
828,11/8/23,1476.260515,2191.583626,8.162052107,Left,Kyle Garlick
829,5/17/24,1554.89686,2118.030801,5.908405794,Left,Kyle Garlick
830,11/10/23,1496.317016,2019.132185,8.120589755,Left,Kyle Garlick
831,1/3/24,1431.701518,2022.694502,6.942390165,Left,Kyle Garlick
832,1/30/24,1555.583026,2041.53139,4.816314323,Left,Kyle Garlick
833,10/31/23,1736.915618,2152.225137,5.459165776,Left,Kyle Garlick
834,10/10/23,1679.117878,1972.214734,6.660825987,Left,Kyle Garlick
835,5/14/24,1497.240141,2160.133025,6.143854352,Left,Kyle Garlick
836,11/27/23,1453.947242,2020.278293,7.121720042,Left,Kyle Garlick
837,10/30/23,1551.252782,1986.133085,5.010163388,Left,Kyle Garlick
838,11/28/23,1536.160903,1842.856441,5.485299647,Left,Kyle Garlick
839,3/12/24,1650.912707,2142.51217,7.256433672,Left,Kyle Garlick
840,5/11/24,1577.592827,2019.432894,7.347207101,Left,Kyle Garlick
841,4/5/24,1480.425259,2013.162886,6.816384724,Left,Kyle Garlick
842,11/18/23,1648.39716,1989.633536,8.914618528,Left,Kyle Garlick
843,2/24/24,1711.567327,1934.53824,6.562068838,Left,Kyle Garlick
844,4/15/24,1552.204435,1996.258016,8.484562022,Left,Kyle Garlick
845,5/25/24,1539.669803,2007.298809,7.1841741,Left,Kyle Garlick
846,11/13/23,1456.737413,1973.755522,8.295182318,Left,Kyle Garlick
847,5/4/24,1530.431929,2110.308488,6.124038421,Left,Kyle Garlick
848,10/19/23,1509.498644,2038.831843,7.823626178,Left,Kyle Garlick
849,4/26/24,1557.755179,2182.855585,6.348489059,Left,Kyle Garlick
850,2/3/24,1226.35128,2103.445269,6.090435332,Left,Kyle Garlick
851,3/5/24,1529.182947,2155.535475,7.300747841,Left,Kyle Garlick
852,4/11/24,1291.521794,1863.973013,7.726371203,Left,Kyle Garlick
853,6/12/24,1484.409876,2049.356715,6.102088382,Left,Kyle Garlick
854,5/10/24,1457.615791,2041.934713,6.585567589,Left,Kyle Garlick
855,12/5/23,1539.000605,2118.762188,6.006360471,Left,Kyle Garlick
856,2/18/24,1520.506257,2051.023183,7.048451771,Left,Kyle Garlick
857,10/28/23,1475.033727,2140.554963,7.217360134,Left,Kyle Garlick
858,6/18/24,1503.470885,2067.966487,6.901765697,Left,Kyle Garlick
859,3/19/24,1483.619914,2023.157155,5.769468239,Left,Kyle Garlick
860,3/2/24,1514.174682,1989.053987,7.664402252,Left,Kyle Garlick
861,5/27/24,1504.943017,1901.712684,5.826784248,Left,Kyle Garlick
862,3/25/24,1345.925899,2037.931141,6.15332422,Left,Kyle Garlick
863,2/11/24,1471.791752,2023.136405,7.00548025,Left,Kyle Garlick
864,1/1/24,1592.220515,2177.651125,8.569622166,Left,Kyle Garlick
865,5/19/24,1429.50312,2064.94259,6.056482019,Left,Kyle Garlick
866,3/15/24,1252.000855,1920.290505,5.426760256,Left,Kyle Garlick
867,2/23/24,1381.017623,2023.672761,9.307299455,Left,Kyle Garlick
868,3/21/24,1555.991984,2070.157693,7.261313357,Left,Kyle Garlick
869,5/7/24,1465.384871,2068.837988,7.419543382,Left,Kyle Garlick
870,10/29/23,1578.313318,1990.051697,8.55457257,Left,Kyle Garlick
871,3/23/24,1392.906741,2028.41566,8.154637634,Left,Kyle Garlick
872,2/1/24,1385.895986,2317.764499,6.895185418,Left,Kyle Garlick
873,1/15/24,1462.008433,2111.564928,6.734680302,Left,Kyle Garlick
874,6/17/24,1713.291311,1958.549022,7.143772319,Left,Kyle Garlick
875,6/20/24,1581.757159,1968.983707,6.486734585,Left,Kyle Garlick
876,4/10/24,1421.715513,2027.476531,7.545994873,Left,Kyle Garlick
877,12/21/23,1377.05592,2044.891522,4.607927915,Left,Kyle Garlick
878,11/29/23,1474.454311,2059.48163,5.808998871,Left,Kyle Garlick
879,10/9/23,1416.66909,1993.100866,8.047354661,Left,Kyle Garlick
880,1/11/24,1431.969219,1986.364469,7.101232606,Left,Kyle Garlick
881,4/28/24,1294.591115,2036.29077,6.82621266,Left,Kyle Garlick
882,1/9/24,1597.316605,1969.660988,9.829700248,Left,Kyle Garlick
883,5/18/24,1589.267841,2077.717148,8.60525195,Left,Kyle Garlick
884,1/31/24,1398.846051,2167.350975,6.996585073,Left,Kyle Garlick
885,12/8/23,1429.031764,2020.867257,7.757717057,Left,Kyle Garlick
886,6/2/24,1342.409746,1923.020779,6.193707164,Left,Kyle Garlick
887,2/10/24,1645.344062,1845.006679,8.823631824,Left,Kyle Garlick
888,10/21/23,1487.043607,2091.868346,6.855612959,Left,Kyle Garlick
889,12/20/23,1412.533785,2311.804057,5.36452169,Left,Kyle Garlick
890,6/4/24,1455.316186,1868.97798,9.247640518,Left,Kyle Garlick
891,3/28/24,1523.882824,2146.468103,8.592861147,Left,Kyle Garlick
892,12/29/23,1527.117464,1753.744523,6.727943275,Left,Kyle Garlick
893,1/12/24,1263.111204,2068.676474,6.463739433,Left,Kyle Garlick
894,10/17/23,1567.369773,1925.927961,5.126951558,Left,Kyle Garlick
895,11/17/23,1642.939211,2151.283296,7.383645245,Left,Kyle Garlick
896,3/27/24,1463.674094,1954.438505,7.998853634,Left,Kyle Garlick
897,6/1/24,1576.334458,2127.580091,10.39474268,Left,Kyle Garlick
898,10/12/23,1606.472509,2104.867298,8.034479596,Left,Kyle Garlick
899,1/21/24,1179.095865,2095.045499,7.205351768,Left,Kyle Garlick
900,11/4/23,1467.21545,2107.547349,5.912731281,Left,Kyle Garlick
901,12/17/23,1467.373193,1746.637385,5.713274234,Right,Kyle Garlick
902,12/18/23,1590.494472,1887.79409,7.487250344,Right,Kyle Garlick
903,1/22/24,1540.766417,1970.990046,5.461031991,Right,Kyle Garlick
904,10/14/23,1554.741884,2199.156368,7.95840841,Right,Kyle Garlick
905,12/1/23,1216.772485,1977.299943,8.631025328,Right,Kyle Garlick
906,6/7/24,1572.010671,1823.519334,7.113020989,Right,Kyle Garlick
907,4/24/24,1256.657609,1908.126432,8.956065485,Right,Kyle Garlick
908,6/8/24,1614.60973,2089.317526,4.599291991,Right,Kyle Garlick
909,4/8/24,1479.722906,1879.872874,6.679273972,Right,Kyle Garlick
910,5/29/24,1247.033199,1797.898154,7.31148469,Right,Kyle Garlick
911,3/30/24,1236.321565,2308.529161,4.822513409,Right,Kyle Garlick
912,5/16/24,1498.609657,1978.241424,5.667062204,Right,Kyle Garlick
913,3/11/24,1602.661841,1836.627393,8.17777431,Right,Kyle Garlick
914,2/15/24,1513.63868,2097.441533,8.769666452,Right,Kyle Garlick
915,2/19/24,1603.307425,2002.553959,3.987355962,Right,Kyle Garlick
916,1/29/24,1308.27106,2098.449655,6.485657699,Right,Kyle Garlick
917,12/14/23,1346.996946,2006.288585,7.745971348,Right,Kyle Garlick
918,12/2/23,1260.38242,1995.229435,2.636132525,Right,Kyle Garlick
919,5/15/24,1309.966534,2041.43404,6.543243068,Right,Kyle Garlick
920,3/3/24,1590.21875,2079.365146,6.981491075,Right,Kyle Garlick
921,10/5/23,1403.34781,2052.288268,7.369726479,Right,Kyle Garlick
922,10/22/23,1467.650336,1958.832508,5.479937157,Right,Kyle Garlick
923,2/21/24,1461.297144,2180.295502,4.659103862,Right,Kyle Garlick
924,12/10/23,1485.344265,1974.032472,4.827544676,Right,Kyle Garlick
925,4/25/24,1448.67748,1969.781783,7.327499626,Right,Kyle Garlick
926,3/29/24,1439.354015,1867.677815,6.56816639,Right,Kyle Garlick
927,4/4/24,1555.0088,2023.027585,6.208851586,Right,Kyle Garlick
928,11/8/23,1550.885165,2102.819022,5.695042364,Right,Kyle Garlick
929,5/17/24,1577.111777,2306.78383,7.679071265,Right,Kyle Garlick
930,11/10/23,1470.561557,2028.291361,6.578302122,Right,Kyle Garlick
931,1/3/24,1340.526227,1860.933812,6.073731712,Right,Kyle Garlick
932,1/30/24,1575.230427,1888.137666,4.610723486,Right,Kyle Garlick
933,10/31/23,1558.047483,1949.581644,6.787195044,Right,Kyle Garlick
934,10/10/23,1272.97761,2077.405605,5.492054764,Right,Kyle Garlick
935,5/14/24,1502.285038,1879.518685,6.505947765,Right,Kyle Garlick
936,11/27/23,1368.428356,1929.036709,4.638215315,Right,Kyle Garlick
937,10/30/23,1744.624629,2191.494966,4.594770946,Right,Kyle Garlick
938,11/28/23,1502.699446,2059.815577,8.965309762,Right,Kyle Garlick
939,3/12/24,1274.093323,1850.510814,4.135631173,Right,Kyle Garlick
940,5/11/24,1269.593623,2016.388959,5.239959474,Right,Kyle Garlick
941,4/5/24,1537.670553,1994.197025,7.541445951,Right,Kyle Garlick
942,11/18/23,1492.072661,2169.128498,7.087558335,Right,Kyle Garlick
943,2/24/24,1275.884654,2113.952407,4.859139541,Right,Kyle Garlick
944,4/15/24,1272.546422,1953.223928,5.600323269,Right,Kyle Garlick
945,5/25/24,1350.490124,1748.451445,4.415902501,Right,Kyle Garlick
946,11/13/23,1304.887997,2152.119841,6.62583126,Right,Kyle Garlick
947,5/4/24,1487.478879,1867.446249,4.770684449,Right,Kyle Garlick
948,10/19/23,1352.843593,2022.357094,4.27732592,Right,Kyle Garlick
949,4/26/24,1496.286953,1950.836983,6.099819307,Right,Kyle Garlick
950,2/3/24,1495.059224,2152.961356,4.223346189,Right,Kyle Garlick
951,3/5/24,1628.875394,2100.810487,10.44930681,Right,Kyle Garlick
952,4/11/24,1458.856043,1932.342949,7.015180152,Right,Kyle Garlick
953,6/12/24,1457.166229,2109.972468,5.898592366,Right,Kyle Garlick
954,5/10/24,1194.015438,1826.212263,7.567634584,Right,Kyle Garlick
955,12/5/23,1289.732288,1911.826943,8.176408448,Right,Kyle Garlick
956,2/18/24,1362.691219,2145.970171,6.553454519,Right,Kyle Garlick
957,10/28/23,1184.939675,1964.312528,7.222110969,Right,Kyle Garlick
958,6/18/24,1472.446562,2176.793817,6.613561084,Right,Kyle Garlick
959,3/19/24,1442.213843,2008.608601,6.199459054,Right,Kyle Garlick
960,3/2/24,1534.603813,1846.269471,7.507781946,Right,Kyle Garlick
961,5/27/24,1386.576609,2354.513452,5.767228798,Right,Kyle Garlick
962,3/25/24,1425.138983,1987.827142,5.885473698,Right,Kyle Garlick
963,2/11/24,1439.320045,1978.781913,6.520428266,Right,Kyle Garlick
964,1/1/24,1324.906668,1813.613179,9.054054365,Right,Kyle Garlick
965,5/19/24,1738.371518,2043.655005,3.587475356,Right,Kyle Garlick
966,3/15/24,1600.608733,1960.858111,8.988679539,Right,Kyle Garlick
967,2/23/24,1447.531751,2115.259027,6.026454548,Right,Kyle Garlick
968,3/21/24,1301.045114,1991.462175,4.034090524,Right,Kyle Garlick
969,5/7/24,1410.420817,1981.080642,7.309778278,Right,Kyle Garlick
970,10/29/23,1619.684502,2005.702593,7.338210062,Right,Kyle Garlick
971,3/23/24,1458.940418,1985.127693,6.83949257,Right,Kyle Garlick
972,2/1/24,1391.536265,1953.437697,3.817112336,Right,Kyle Garlick
973,1/15/24,1388.809924,1927.943904,6.053394565,Right,Kyle Garlick
974,6/17/24,1535.302306,1922.419178,6.814207392,Right,Kyle Garlick
975,6/20/24,1547.090507,1989.324074,7.492442434,Right,Kyle Garlick
976,4/10/24,1536.579368,1994.187229,3.945911601,Right,Kyle Garlick
977,12/21/23,1510.451265,2151.691234,3.538421045,Right,Kyle Garlick
978,11/29/23,1434.100673,2010.865355,3.931984078,Right,Kyle Garlick
979,10/9/23,1388.459324,2216.698613,7.191970378,Right,Kyle Garlick
980,1/11/24,1510.567896,1974.163259,5.321827845,Right,Kyle Garlick
981,4/28/24,1346.926437,1818.819357,7.387918073,Right,Kyle Garlick
982,1/9/24,1233.796998,2181.432797,5.866582227,Right,Kyle Garlick
983,5/18/24,1610.942005,2067.329662,6.956932568,Right,Kyle Garlick
984,1/31/24,1351.516801,2013.534995,4.646295038,Right,Kyle Garlick
985,12/8/23,1385.165127,1819.343133,6.733870515,Right,Kyle Garlick
986,6/2/24,1644.10118,1984.183544,3.341877685,Right,Kyle Garlick
987,2/10/24,1236.521988,1965.718873,6.950359141,Right,Kyle Garlick
988,10/21/23,1631.362422,1976.403357,7.303305907,Right,Kyle Garlick
989,12/20/23,1337.763467,2245.351678,6.261773457,Right,Kyle Garlick
990,6/4/24,1417.239682,1836.633447,7.765985754,Right,Kyle Garlick
991,3/28/24,1374.171455,2022.163987,6.220724338,Right,Kyle Garlick
992,12/29/23,1376.667163,1917.275033,7.316297974,Right,Kyle Garlick
993,1/12/24,1385.804075,2104.750039,3.694185612,Right,Kyle Garlick
994,10/17/23,1381.27858,1902.365932,5.014541169,Right,Kyle Garlick
995,11/17/23,1384.766502,2080.65428,5.542731232,Right,Kyle Garlick
996,3/27/24,1464.18619,2184.294852,6.089346761,Right,Kyle Garlick
997,6/1/24,1437.324257,1956.054522,5.836070531,Right,Kyle Garlick
998,10/12/23,1214.452991,2099.768386,5.961662353,Right,Kyle Garlick
999,1/21/24,1353.466538,2050.800127,4.929528195,Right,Kyle Garlick
1000,11/4/23,1336.46685,2132.898556,6.934677288,Right,Kyle Garlick
1001,12/17/23,1568.973207,2052.292683,7.488217875,Left,Scott Kale
1002,12/18/23,1411.271787,2056.042011,7.442408044,Left,Scott Kale
1003,1/22/24,1576.546229,1968.050329,7.566811631,Left,Scott Kale
1004,10/14/23,1435.673905,2070.293128,7.480690536,Left,Scott Kale
1005,12/1/23,1667.058672,1956.93473,7.088391186,Left,Scott Kale
1006,6/7/24,1649.935468,2121.171028,6.995499438,Left,Scott Kale
1007,4/24/24,1654.485942,2020.393112,6.073608866,Left,Scott Kale
1008,6/8/24,1414.471701,2120.688303,8.508729029,Left,Scott Kale
1009,4/8/24,1436.651695,1978.065866,7.737008753,Left,Scott Kale
1010,5/29/24,1274.867477,2110.843101,8.598657915,Left,Scott Kale
1011,3/30/24,1415.41521,2023.839272,7.187207144,Left,Scott Kale
1012,5/16/24,1628.523028,2210.46755,6.276179417,Left,Scott Kale
1013,3/11/24,1474.195068,2182.919384,5.749297223,Left,Scott Kale
1014,2/15/24,1640.016311,1974.521967,7.505612002,Left,Scott Kale
1015,2/19/24,1423.800285,2111.480315,5.412413498,Left,Scott Kale
1016,1/29/24,1512.866857,2122.09092,4.60170327,Left,Scott Kale
1017,12/14/23,1568.313203,1866.546449,7.159578714,Left,Scott Kale
1018,12/2/23,1463.911419,1980.220357,7.88314624,Left,Scott Kale
1019,5/15/24,1550.002951,1962.644542,6.189275978,Left,Scott Kale
1020,3/3/24,1517.172365,2078.185975,6.302001945,Left,Scott Kale
1021,10/5/23,1594.383281,2227.288477,9.599646579,Left,Scott Kale
1022,10/22/23,1486.059112,1955.020824,9.218439183,Left,Scott Kale
1023,2/21/24,1522.303743,2060.949072,6.844554573,Left,Scott Kale
1024,12/10/23,1425.940375,2279.377133,5.981888717,Left,Scott Kale
1025,4/25/24,1489.264641,2051.599949,8.159377593,Left,Scott Kale
1026,3/29/24,1711.416586,2205.761496,6.973381379,Left,Scott Kale
1027,4/4/24,1449.056054,2016.288752,5.76601587,Left,Scott Kale
1028,11/8/23,1344.564305,2279.308933,5.68918298,Left,Scott Kale
1029,5/17/24,1440.162339,2041.786505,6.531973904,Left,Scott Kale
1030,11/10/23,1572.495723,1957.939643,6.525198537,Left,Scott Kale
1031,1/3/24,1626.42109,2162.576434,6.139748496,Left,Scott Kale
1032,1/30/24,1606.288603,1925.065681,7.280910533,Left,Scott Kale
1033,10/31/23,1547.146738,2066.809546,9.407199916,Left,Scott Kale
1034,10/10/23,1459.962433,2181.619708,6.875173057,Left,Scott Kale
1035,5/14/24,1512.91321,2128.248163,5.429457769,Left,Scott Kale
1036,11/27/23,1686.906285,2163.622843,7.168470876,Left,Scott Kale
1037,10/30/23,1471.549316,1921.714222,7.671587745,Left,Scott Kale
1038,11/28/23,1519.608072,2090.698712,6.465989461,Left,Scott Kale
1039,3/12/24,1347.870257,2136.654975,5.347899549,Left,Scott Kale
1040,5/11/24,1533.892219,1973.48496,8.122673563,Left,Scott Kale
1041,4/5/24,1411.775965,2067.063769,8.02645758,Left,Scott Kale
1042,11/18/23,1646.270993,2014.758475,7.882193064,Left,Scott Kale
1043,2/24/24,1526.013009,2095.492396,6.93086165,Left,Scott Kale
1044,4/15/24,1652.813419,2143.635783,7.91404621,Left,Scott Kale
1045,5/25/24,1650.584607,2031.96564,7.651479069,Left,Scott Kale
1046,11/13/23,1624.48742,2039.372956,7.074643134,Left,Scott Kale
1047,5/4/24,1448.952569,2145.982752,8.836518782,Left,Scott Kale
1048,10/19/23,1607.513163,2008.739206,5.692081435,Left,Scott Kale
1049,4/26/24,1751.773383,2053.880666,5.54982928,Left,Scott Kale
1050,2/3/24,1376.618333,1898.135771,7.686940443,Left,Scott Kale
1051,3/5/24,1630.65148,2003.987965,7.993989634,Left,Scott Kale
1052,4/11/24,1425.515285,2234.3685,8.963244445,Left,Scott Kale
1053,6/12/24,1443.035204,1862.730548,5.356563537,Left,Scott Kale
1054,5/10/24,1478.269058,2095.259967,9.185634242,Left,Scott Kale
1055,12/5/23,1487.343686,1990.477202,6.306654577,Left,Scott Kale
1056,2/18/24,1568.346045,2031.222935,6.185080457,Left,Scott Kale
1057,10/28/23,1525.631768,2080.223002,6.176587201,Left,Scott Kale
1058,6/18/24,1617.423422,2076.78003,7.862446277,Left,Scott Kale
1059,3/19/24,1421.007815,2013.96353,8.826608584,Left,Scott Kale
1060,3/2/24,1479.829806,2014.414739,6.927017346,Left,Scott Kale
1061,5/27/24,1614.817324,1986.491921,7.579768986,Left,Scott Kale
1062,3/25/24,1579.853823,2171.378159,5.066744188,Left,Scott Kale
1063,2/11/24,1430.015875,2063.888094,6.063257703,Left,Scott Kale
1064,1/1/24,1486.368972,2062.534368,6.179111355,Left,Scott Kale
1065,5/19/24,1640.162065,2031.385488,6.849433406,Left,Scott Kale
1066,3/15/24,1493.789571,2090.611067,7.796069536,Left,Scott Kale
1067,2/23/24,1371.824079,2040.659638,9.882157703,Left,Scott Kale
1068,3/21/24,1655.370858,1914.255532,6.678224964,Left,Scott Kale
1069,5/7/24,1326.789739,1903.06642,8.830105906,Left,Scott Kale
1070,10/29/23,1227.258588,2079.902248,7.523823578,Left,Scott Kale
1071,3/23/24,1651.924892,1833.718318,7.53623285,Left,Scott Kale
1072,2/1/24,1450.575034,1966.943162,7.909822848,Left,Scott Kale
1073,1/15/24,1560.782683,2076.069309,8.234356748,Left,Scott Kale
1074,6/17/24,1364.041698,2207.424221,7.173960983,Left,Scott Kale
1075,6/20/24,1474.004401,1944.91466,7.461783512,Left,Scott Kale
1076,4/10/24,1568.292083,1851.912601,6.344217389,Left,Scott Kale
1077,12/21/23,1513.19322,2105.21593,6.199052712,Left,Scott Kale
1078,11/29/23,1620.662984,2128.086228,7.430917456,Left,Scott Kale
1079,10/9/23,1637.486906,2129.873813,8.28468694,Left,Scott Kale
1080,1/11/24,1469.185425,2013.934477,5.522142016,Left,Scott Kale
1081,4/28/24,1552.711181,1970.385917,6.201626988,Left,Scott Kale
1082,1/9/24,1521.277657,2197.218879,7.235111658,Left,Scott Kale
1083,5/18/24,1569.276362,1797.780776,8.712302452,Left,Scott Kale
1084,1/31/24,1447.762167,2034.15955,7.124341541,Left,Scott Kale
1085,12/8/23,1657.575753,2031.372766,8.819890291,Left,Scott Kale
1086,6/2/24,1496.622014,2031.522392,7.916048805,Left,Scott Kale
1087,2/10/24,1626.203488,2036.882962,5.858306686,Left,Scott Kale
1088,10/21/23,1573.92164,2072.293704,6.848514993,Left,Scott Kale
1089,12/20/23,1369.018368,2097.673102,4.63498826,Left,Scott Kale
1090,6/4/24,1596.219488,2193.478805,7.830668877,Left,Scott Kale
1091,3/28/24,1550.83662,2071.913994,7.700743956,Left,Scott Kale
1092,12/29/23,1569.318795,1966.343172,6.66800389,Left,Scott Kale
1093,1/12/24,1614.817412,2096.58694,6.29453504,Left,Scott Kale
1094,10/17/23,1609.922383,2164.113528,6.637437859,Left,Scott Kale
1095,11/17/23,1373.540767,2178.405003,6.586419627,Left,Scott Kale
1096,3/27/24,1836.087043,2085.509769,6.797032532,Left,Scott Kale
1097,6/1/24,1611.599403,2003.247723,5.362310906,Left,Scott Kale
1098,10/12/23,1653.069209,2051.354009,6.205614359,Left,Scott Kale
1099,1/21/24,1422.094734,2169.532728,5.127844425,Left,Scott Kale
1100,11/4/23,1538.137149,2099.932736,7.52045366,Left,Scott Kale
1101,12/17/23,1518.04669,1975.693508,7.48958571,Right,Scott Kale
1102,12/18/23,1467.333543,2174.006271,6.898668436,Right,Scott Kale
1103,1/22/24,1519.786078,2062.028455,6.474582295,Right,Scott Kale
1104,10/14/23,1604.401339,2113.251545,7.366250729,Right,Scott Kale
1105,12/1/23,1443.345832,2137.650893,4.272280295,Right,Scott Kale
1106,6/7/24,1519.571479,2027.584514,6.106714994,Right,Scott Kale
1107,4/24/24,1426.072618,2021.812208,5.872666992,Right,Scott Kale
1108,6/8/24,1390.756084,1941.299963,7.692317678,Right,Scott Kale
1109,4/8/24,1427.997132,1923.250557,4.88846284,Right,Scott Kale
1110,5/29/24,1482.157512,1967.521844,6.423945812,Right,Scott Kale
1111,3/30/24,1303.493234,2032.112776,7.372367548,Right,Scott Kale
1112,5/16/24,1508.494156,1897.769158,6.570546594,Right,Scott Kale
1113,3/11/24,1455.430697,1882.697887,7.404673997,Right,Scott Kale
1114,2/15/24,1639.488455,1849.129098,5.231505923,Right,Scott Kale
1115,2/19/24,1506.913123,2066.991842,6.721791331,Right,Scott Kale
1116,1/29/24,1558.951804,1891.459677,6.441554746,Right,Scott Kale
1117,12/14/23,1527.932585,2243.254624,6.746188094,Right,Scott Kale
1118,12/2/23,1365.428368,2038.550519,6.981473098,Right,Scott Kale
1119,5/15/24,1323.989051,1940.850002,6.789836307,Right,Scott Kale
1120,3/3/24,1386.034604,2054.62271,6.007575675,Right,Scott Kale
1121,10/5/23,1493.665286,1895.391821,7.601800274,Right,Scott Kale
1122,10/22/23,1645.150106,1969.709758,5.42815335,Right,Scott Kale
1123,2/21/24,1597.262629,1807.213304,7.484959436,Right,Scott Kale
1124,12/10/23,1507.84116,1896.121396,4.868281721,Right,Scott Kale
1125,4/25/24,1455.597927,1951.649933,5.57619767,Right,Scott Kale
1126,3/29/24,1513.888954,1936.074872,4.364441279,Right,Scott Kale
1127,4/4/24,1555.75228,2085.575173,7.157671126,Right,Scott Kale
1128,11/8/23,1461.420149,2281.840805,6.348175404,Right,Scott Kale
1129,5/17/24,1609.793131,1829.097951,5.715580763,Right,Scott Kale
1130,11/10/23,1335.992519,2008.605574,6.770431549,Right,Scott Kale
1131,1/3/24,1440.306699,1854.48282,5.409868871,Right,Scott Kale
1132,1/30/24,1390.387654,1925.20474,5.698157539,Right,Scott Kale
1133,10/31/23,1504.77455,2143.813457,6.216529189,Right,Scott Kale
1134,10/10/23,1479.228891,1972.528741,7.63151151,Right,Scott Kale
1135,5/14/24,1469.009161,1992.727595,6.040677989,Right,Scott Kale
1136,11/27/23,1416.391218,2005.54504,4.48667953,Right,Scott Kale
1137,10/30/23,1132.196431,1970.323097,5.702985779,Right,Scott Kale
1138,11/28/23,1370.203622,2038.527937,5.909122236,Right,Scott Kale
1139,3/12/24,1364.962967,1972.348681,8.874371132,Right,Scott Kale
1140,5/11/24,1475.424118,2042.588893,3.29028149,Right,Scott Kale
1141,4/5/24,1494.680001,2022.967958,5.918601446,Right,Scott Kale
1142,11/18/23,1066.043829,1787.02256,5.874171423,Right,Scott Kale
1143,2/24/24,1425.722524,1835.227049,8.733851075,Right,Scott Kale
1144,4/15/24,1476.028517,1953.201343,5.413760557,Right,Scott Kale
1145,5/25/24,1469.311789,2237.365872,8.375578246,Right,Scott Kale
1146,11/13/23,1532.116753,1887.223168,5.566566981,Right,Scott Kale
1147,5/4/24,1338.655763,1870.716844,7.59063148,Right,Scott Kale
1148,10/19/23,1494.724804,2029.297266,6.631388567,Right,Scott Kale
1149,4/26/24,1387.766534,2052.360536,5.521143619,Right,Scott Kale
1150,2/3/24,1459.360777,1910.612296,7.49801095,Right,Scott Kale
1151,3/5/24,1577.859248,2223.645336,5.975787919,Right,Scott Kale
1152,4/11/24,1390.057278,2029.869721,5.961316425,Right,Scott Kale
1153,6/12/24,1575.137545,1970.536958,6.19594348,Right,Scott Kale
1154,5/10/24,1426.013203,2035.281987,6.631186314,Right,Scott Kale
1155,12/5/23,1639.363101,1885.327713,5.012468321,Right,Scott Kale
1156,2/18/24,1669.588174,2055.631369,6.10210783,Right,Scott Kale
1157,10/28/23,1465.79108,2131.939982,8.269896834,Right,Scott Kale
1158,6/18/24,1274.79443,2258.72143,6.925388644,Right,Scott Kale
1159,3/19/24,1427.10146,2031.861631,5.657847684,Right,Scott Kale
1160,3/2/24,1424.609059,2342.937433,4.269831066,Right,Scott Kale
1161,5/27/24,1476.738207,2056.789807,7.343880207,Right,Scott Kale
1162,3/25/24,1489.144208,1838.167992,6.602014785,Right,Scott Kale
1163,2/11/24,1438.836559,1960.966571,6.574685257,Right,Scott Kale
1164,1/1/24,1544.416858,2051.814735,5.015154805,Right,Scott Kale
1165,5/19/24,1432.633271,2227.150002,7.426885096,Right,Scott Kale
1166,3/15/24,1472.807712,2040.207124,5.967210348,Right,Scott Kale
1167,2/23/24,1405.12976,1993.136313,3.794514114,Right,Scott Kale
1168,3/21/24,1316.024301,1838.663055,5.053642273,Right,Scott Kale
1169,5/7/24,1398.452114,1782.944499,4.888848508,Right,Scott Kale
1170,10/29/23,1349.991762,1983.286022,7.313066317,Right,Scott Kale
1171,3/23/24,1301.757856,2048.49445,6.720534321,Right,Scott Kale
1172,2/1/24,1365.033716,2211.239119,2.514084766,Right,Scott Kale
1173,1/15/24,1205.242924,2149.458097,5.150783401,Right,Scott Kale
1174,6/17/24,1761.771756,1894.275447,7.126881941,Right,Scott Kale
1175,6/20/24,1408.432646,2148.079545,5.554535347,Right,Scott Kale
1176,4/10/24,1338.15346,1872.102083,5.413824759,Right,Scott Kale
1177,12/21/23,1430.556335,1887.093121,6.233562545,Right,Scott Kale
1178,11/29/23,1288.608921,2034.791725,7.485780304,Right,Scott Kale
1179,10/9/23,1478.470783,1990.860513,6.587281401,Right,Scott Kale
1180,1/11/24,1412.291575,1856.156572,4.724219348,Right,Scott Kale
1181,4/28/24,1435.618621,2038.636879,6.919491022,Right,Scott Kale
1182,1/9/24,1476.805104,1907.289825,4.715194968,Right,Scott Kale
1183,5/18/24,1578.046029,2025.226117,3.680324149,Right,Scott Kale
1184,1/31/24,1516.03533,2034.166056,5.203962581,Right,Scott Kale
1185,12/8/23,1559.688483,1857.560436,8.305772387,Right,Scott Kale
1186,6/2/24,1434.250716,2098.787349,6.894925715,Right,Scott Kale
1187,2/10/24,1603.303173,1882.730978,6.748119249,Right,Scott Kale
1188,10/21/23,1649.190097,2029.061637,8.328215552,Right,Scott Kale
1189,12/20/23,1274.373806,1976.963853,4.851981993,Right,Scott Kale
1190,6/4/24,1562.971045,1891.921204,6.195766375,Right,Scott Kale
1191,3/28/24,1533.115226,1746.501214,3.970276995,Right,Scott Kale
1192,12/29/23,1608.423949,2086.938566,6.375399581,Right,Scott Kale
1193,1/12/24,1234.809733,2035.396161,7.035687172,Right,Scott Kale
1194,10/17/23,1699.626915,2057.307936,5.545819964,Right,Scott Kale
1195,11/17/23,1356.236336,1872.909374,5.046104219,Right,Scott Kale
1196,3/27/24,1466.450725,1890.542082,5.78298481,Right,Scott Kale
1197,6/1/24,1355.758928,1781.274296,6.382778703,Right,Scott Kale
1198,10/12/23,1473.630999,2092.288836,5.49826164,Right,Scott Kale
1199,1/21/24,1254.918838,1991.705853,9.036822793,Right,Scott Kale
1200,11/4/23,1530.02999,2094.372864,6.025292385,Right,Scott Kale